-- phpMyAdmin SQL Dump
-- version 5.2.1
-- https://www.phpmyadmin.net/
--
-- Servidor: 127.0.0.1
-- Tiempo de generación: 11-06-2025 a las 22:11:06
-- Versión del servidor: 10.4.32-MariaDB
-- Versión de PHP: 8.2.12

SET SQL_MODE = "NO_AUTO_VALUE_ON_ZERO";
START TRANSACTION;
SET time_zone = "+00:00";


/*!40101 SET @OLD_CHARACTER_SET_CLIENT=@@CHARACTER_SET_CLIENT */;
/*!40101 SET @OLD_CHARACTER_SET_RESULTS=@@CHARACTER_SET_RESULTS */;
/*!40101 SET @OLD_COLLATION_CONNECTION=@@COLLATION_CONNECTION */;
/*!40101 SET NAMES utf8mb4 */;

--
-- Base de datos: `sistema_academico_final`
--

-- --------------------------------------------------------

--
-- Estructura de tabla para la tabla `asistencia`
--

CREATE TABLE `asistencia` (
  `id` int(11) NOT NULL,
  `matricula_id` int(11) NOT NULL,
  `fecha` date NOT NULL,
  `estado` enum('Presente','Ausente','Tarde') NOT NULL DEFAULT 'Presente'
) ENGINE=InnoDB DEFAULT CHARSET=utf8mb4 COLLATE=utf8mb4_general_ci;

-- --------------------------------------------------------

--
-- Estructura de tabla para la tabla `calificaciones`
--

CREATE TABLE `calificaciones` (
  `id` int(11) NOT NULL,
  `matricula_id` int(11) NOT NULL,
  `evaluacion_id` int(11) NOT NULL,
  `calificacion` decimal(5,2) NOT NULL,
  `fecha` date NOT NULL DEFAULT curdate(),
  `comentario` text DEFAULT NULL
) ENGINE=InnoDB DEFAULT CHARSET=utf8mb4 COLLATE=utf8mb4_general_ci;

--
-- Volcado de datos para la tabla `calificaciones`
--

INSERT INTO `calificaciones` (`id`, `matricula_id`, `evaluacion_id`, `calificacion`, `fecha`, `comentario`) VALUES
(1, 1, 1, 86.00, '2025-04-15', NULL),
(2, 2, 1, 82.00, '2025-04-15', NULL),
(3, 3, 1, 50.00, '2025-04-15', NULL),
(4, 4, 1, 83.00, '2025-04-15', NULL),
(5, 5, 1, 49.00, '2025-04-15', NULL),
(6, 6, 1, 72.00, '2025-04-15', NULL),
(7, 7, 1, 55.00, '2025-04-15', NULL),
(8, 8, 1, 80.00, '2025-04-15', NULL),
(9, 9, 1, 72.00, '2025-04-15', NULL),
(10, 10, 1, 83.00, '2025-04-15', NULL),
(11, 11, 1, 96.00, '2025-04-15', NULL),
(12, 12, 1, 72.00, '2025-04-15', NULL),
(13, 13, 1, 91.00, '2025-04-15', NULL),
(14, 14, 1, 80.00, '2025-04-15', NULL),
(15, 15, 1, 87.00, '2025-04-15', NULL),
(16, 16, 1, 96.00, '2025-04-15', NULL),
(17, 17, 2, 59.00, '2025-04-15', NULL),
(18, 18, 2, 88.00, '2025-04-15', NULL),
(19, 19, 2, 43.00, '2025-04-15', NULL),
(20, 20, 2, 91.00, '2025-04-15', NULL),
(21, 21, 2, 47.00, '2025-04-15', NULL),
(22, 22, 2, 40.00, '2025-04-15', NULL),
(23, 23, 2, 81.00, '2025-04-15', NULL),
(24, 24, 2, 64.00, '2025-04-15', NULL),
(25, 25, 2, 95.00, '2025-04-15', NULL),
(26, 26, 2, 64.00, '2025-04-15', NULL),
(27, 27, 2, 57.00, '2025-04-15', NULL),
(28, 28, 2, 52.00, '2025-04-15', NULL),
(29, 29, 2, 49.00, '2025-04-15', NULL),
(30, 30, 2, 49.00, '2025-04-15', NULL),
(31, 31, 2, 60.00, '2025-04-15', NULL),
(32, 32, 2, 50.00, '2025-04-15', NULL),
(33, 243, 3, 90.00, '2025-04-15', NULL),
(34, 244, 3, 82.00, '2025-04-15', NULL),
(35, 245, 3, 41.00, '2025-04-15', NULL),
(36, 246, 3, 97.00, '2025-04-15', NULL),
(37, 247, 3, 83.00, '2025-04-15', NULL),
(38, 248, 3, 82.00, '2025-04-15', NULL),
(39, 249, 3, 61.00, '2025-04-15', NULL),
(40, 250, 3, 78.00, '2025-04-15', NULL),
(41, 251, 3, 49.00, '2025-04-15', NULL),
(42, 252, 3, 89.00, '2025-04-15', NULL),
(43, 253, 3, 77.00, '2025-04-15', NULL),
(44, 254, 3, 80.00, '2025-04-15', NULL),
(45, 255, 3, 70.00, '2025-04-15', NULL),
(46, 256, 3, 71.00, '2025-04-15', NULL),
(47, 257, 3, 42.00, '2025-04-15', NULL),
(48, 258, 3, 77.00, '2025-04-15', NULL),
(49, 259, 3, 98.00, '2025-04-15', NULL),
(50, 260, 3, 41.00, '2025-04-15', NULL),
(51, 315, 4, 52.00, '2025-04-15', NULL),
(52, 316, 4, 97.00, '2025-04-15', NULL),
(53, 317, 4, 50.00, '2025-04-15', NULL),
(54, 318, 4, 96.00, '2025-04-15', NULL),
(55, 319, 4, 50.00, '2025-04-15', NULL),
(56, 320, 4, 43.00, '2025-04-15', NULL),
(57, 321, 4, 84.00, '2025-04-15', NULL),
(58, 322, 4, 71.00, '2025-04-15', NULL),
(59, 323, 4, 65.00, '2025-04-15', NULL),
(60, 324, 4, 70.00, '2025-04-15', NULL),
(61, 325, 4, 54.00, '2025-04-15', NULL),
(62, 167, 5, 79.00, '2025-04-15', NULL),
(63, 168, 5, 75.00, '2025-04-15', NULL),
(64, 169, 5, 97.00, '2025-04-15', NULL),
(65, 170, 5, 42.00, '2025-04-15', NULL),
(66, 171, 5, 57.00, '2025-04-15', NULL),
(67, 172, 5, 59.00, '2025-04-15', NULL),
(68, 173, 5, 84.00, '2025-04-15', NULL),
(69, 174, 5, 83.00, '2025-04-15', NULL),
(70, 175, 5, 64.00, '2025-04-15', NULL),
(71, 176, 5, 91.00, '2025-04-15', NULL),
(72, 177, 5, 43.00, '2025-04-15', NULL),
(73, 178, 5, 83.00, '2025-04-15', NULL),
(74, 179, 5, 66.00, '2025-04-15', NULL),
(75, 180, 5, 40.00, '2025-04-15', NULL),
(76, 181, 5, 83.00, '2025-04-15', NULL),
(77, 182, 5, 75.00, '2025-04-15', NULL),
(78, 183, 5, 88.00, '2025-04-15', NULL),
(79, 184, 5, 51.00, '2025-04-15', NULL),
(80, 185, 5, 74.00, '2025-04-15', NULL),
(81, 94, 6, 54.00, '2025-04-15', NULL),
(82, 95, 6, 71.00, '2025-04-15', NULL),
(83, 96, 6, 91.00, '2025-04-15', NULL),
(84, 97, 6, 84.00, '2025-04-15', NULL),
(85, 98, 6, 47.00, '2025-04-15', NULL),
(86, 99, 6, 64.00, '2025-04-15', NULL),
(87, 100, 6, 76.00, '2025-04-15', NULL),
(88, 101, 6, 90.00, '2025-04-15', NULL),
(89, 102, 6, 60.00, '2025-04-15', NULL),
(90, 103, 6, 50.00, '2025-04-15', NULL),
(91, 104, 6, 91.00, '2025-04-15', NULL),
(92, 105, 6, 87.00, '2025-04-15', NULL),
(93, 106, 6, 60.00, '2025-04-15', NULL),
(94, 107, 6, 58.00, '2025-04-15', NULL),
(95, 108, 6, 69.00, '2025-04-15', NULL),
(96, 109, 6, 72.00, '2025-04-15', NULL),
(97, 110, 7, 52.00, '2025-04-15', NULL),
(98, 111, 7, 65.00, '2025-04-15', NULL),
(99, 112, 7, 69.00, '2025-04-15', NULL),
(100, 113, 7, 48.00, '2025-04-15', NULL),
(101, 114, 7, 53.00, '2025-04-15', NULL),
(102, 115, 7, 84.00, '2025-04-15', NULL),
(103, 116, 7, 99.00, '2025-04-15', NULL),
(104, 117, 7, 83.00, '2025-04-15', NULL),
(105, 118, 7, 78.00, '2025-04-15', NULL),
(106, 119, 7, 43.00, '2025-04-15', NULL),
(107, 120, 7, 59.00, '2025-04-15', NULL),
(108, 121, 7, 68.00, '2025-04-15', NULL),
(109, 122, 7, 60.00, '2025-04-15', NULL),
(110, 123, 7, 58.00, '2025-04-15', NULL),
(111, 124, 7, 68.00, '2025-04-15', NULL),
(112, 125, 7, 66.00, '2025-04-15', NULL),
(113, 126, 7, 87.00, '2025-04-15', NULL),
(114, 127, 7, 75.00, '2025-04-15', NULL),
(115, 128, 7, 75.00, '2025-04-15', NULL),
(116, 55, 8, 48.00, '2025-04-15', NULL),
(117, 56, 8, 97.00, '2025-04-15', NULL),
(118, 57, 8, 60.00, '2025-04-15', NULL),
(119, 58, 8, 88.00, '2025-04-15', NULL),
(120, 59, 8, 42.00, '2025-04-15', NULL),
(121, 60, 8, 86.00, '2025-04-15', NULL),
(122, 61, 8, 85.00, '2025-04-15', NULL),
(123, 62, 8, 66.00, '2025-04-15', NULL),
(124, 63, 8, 97.00, '2025-04-15', NULL),
(125, 64, 8, 65.00, '2025-04-15', NULL),
(126, 65, 8, 54.00, '2025-04-15', NULL),
(127, 66, 8, 94.00, '2025-04-15', NULL),
(128, 67, 8, 91.00, '2025-04-15', NULL),
(129, 68, 8, 72.00, '2025-04-15', NULL),
(130, 69, 8, 45.00, '2025-04-15', NULL),
(131, 70, 8, 90.00, '2025-04-15', NULL),
(132, 359, 9, 94.00, '2025-04-15', NULL),
(133, 360, 9, 100.00, '2025-04-15', NULL),
(134, 361, 9, 58.00, '2025-04-15', NULL),
(135, 362, 9, 71.00, '2025-04-15', NULL),
(136, 363, 9, 80.00, '2025-04-15', NULL),
(137, 364, 9, 87.00, '2025-04-15', NULL),
(138, 365, 10, 96.00, '2025-04-15', NULL),
(139, 366, 10, 59.00, '2025-04-15', NULL),
(140, 367, 10, 88.00, '2025-04-15', NULL),
(141, 368, 10, 41.00, '2025-04-15', NULL),
(142, 369, 10, 80.00, '2025-04-15', NULL),
(143, 370, 10, 60.00, '2025-04-15', NULL),
(144, 33, 11, 77.00, '2025-04-15', NULL),
(145, 34, 11, 45.00, '2025-04-15', NULL),
(146, 35, 11, 74.00, '2025-04-15', NULL),
(147, 36, 11, 77.00, '2025-04-15', NULL),
(148, 37, 11, 62.00, '2025-04-15', NULL),
(149, 38, 11, 97.00, '2025-04-15', NULL),
(150, 39, 11, 81.00, '2025-04-15', NULL),
(151, 40, 11, 73.00, '2025-04-15', NULL),
(152, 41, 11, 83.00, '2025-04-15', NULL),
(153, 42, 11, 97.00, '2025-04-15', NULL),
(154, 43, 11, 76.00, '2025-04-15', NULL),
(155, 44, 11, 48.00, '2025-04-15', NULL),
(156, 45, 11, 92.00, '2025-04-15', NULL),
(157, 46, 11, 97.00, '2025-04-15', NULL),
(158, 47, 11, 50.00, '2025-04-15', NULL),
(159, 48, 11, 99.00, '2025-04-15', NULL),
(160, 49, 11, 65.00, '2025-04-15', NULL),
(161, 50, 11, 47.00, '2025-04-15', NULL),
(162, 51, 11, 62.00, '2025-04-15', NULL),
(163, 52, 11, 69.00, '2025-04-15', NULL),
(164, 53, 11, 59.00, '2025-04-15', NULL),
(165, 54, 11, 48.00, '2025-04-15', NULL),
(166, 71, 12, 81.00, '2025-04-15', NULL),
(167, 72, 12, 41.00, '2025-04-15', NULL),
(168, 73, 12, 44.00, '2025-04-15', NULL),
(169, 74, 12, 58.00, '2025-04-15', NULL),
(170, 75, 12, 58.00, '2025-04-15', NULL),
(171, 76, 12, 74.00, '2025-04-15', NULL),
(172, 77, 12, 95.00, '2025-04-15', NULL),
(173, 78, 12, 96.00, '2025-04-15', NULL),
(174, 79, 12, 92.00, '2025-04-15', NULL),
(175, 80, 12, 72.00, '2025-04-15', NULL),
(176, 81, 12, 46.00, '2025-04-15', NULL),
(177, 82, 12, 95.00, '2025-04-15', NULL),
(178, 83, 12, 55.00, '2025-04-15', NULL),
(179, 84, 12, 69.00, '2025-04-15', NULL),
(180, 85, 12, 80.00, '2025-04-15', NULL),
(181, 86, 12, 94.00, '2025-04-15', NULL),
(182, 87, 12, 70.00, '2025-04-15', NULL),
(183, 88, 12, 86.00, '2025-04-15', NULL),
(184, 89, 12, 63.00, '2025-04-15', NULL),
(185, 90, 12, 76.00, '2025-04-15', NULL),
(186, 91, 12, 92.00, '2025-04-15', NULL),
(187, 92, 12, 72.00, '2025-04-15', NULL),
(188, 93, 12, 44.00, '2025-04-15', NULL),
(189, 205, 13, 83.00, '2025-04-15', NULL),
(190, 206, 13, 64.00, '2025-04-15', NULL),
(191, 207, 13, 89.00, '2025-04-15', NULL),
(192, 208, 13, 92.00, '2025-04-15', NULL),
(193, 209, 13, 96.00, '2025-04-15', NULL),
(194, 210, 13, 43.00, '2025-04-15', NULL),
(195, 211, 13, 66.00, '2025-04-15', NULL),
(196, 212, 13, 100.00, '2025-04-15', NULL),
(197, 213, 13, 83.00, '2025-04-15', NULL),
(198, 214, 13, 73.00, '2025-04-15', NULL),
(199, 215, 13, 77.00, '2025-04-15', NULL),
(200, 216, 13, 68.00, '2025-04-15', NULL),
(201, 217, 13, 66.00, '2025-04-15', NULL),
(202, 218, 13, 89.00, '2025-04-15', NULL),
(203, 219, 13, 86.00, '2025-04-15', NULL),
(204, 220, 13, 63.00, '2025-04-15', NULL),
(205, 221, 13, 76.00, '2025-04-15', NULL),
(206, 222, 13, 91.00, '2025-04-15', NULL),
(207, 223, 13, 67.00, '2025-04-15', NULL),
(208, 129, 14, 82.00, '2025-04-15', NULL),
(209, 130, 14, 49.00, '2025-04-15', NULL),
(210, 131, 14, 80.00, '2025-04-15', NULL),
(211, 132, 14, 92.00, '2025-04-15', NULL),
(212, 133, 14, 61.00, '2025-04-15', NULL),
(213, 134, 14, 50.00, '2025-04-15', NULL),
(214, 135, 14, 85.00, '2025-04-15', NULL),
(215, 136, 14, 54.00, '2025-04-15', NULL),
(216, 137, 14, 95.00, '2025-04-15', NULL),
(217, 138, 14, 92.00, '2025-04-15', NULL),
(218, 139, 14, 78.00, '2025-04-15', NULL),
(219, 140, 14, 71.00, '2025-04-15', NULL),
(220, 141, 14, 83.00, '2025-04-15', NULL),
(221, 142, 14, 42.00, '2025-04-15', NULL),
(222, 143, 14, 42.00, '2025-04-15', NULL),
(223, 144, 14, 43.00, '2025-04-15', NULL),
(224, 145, 14, 51.00, '2025-04-15', NULL),
(225, 146, 14, 83.00, '2025-04-15', NULL),
(226, 147, 14, 44.00, '2025-04-15', NULL),
(227, 279, 15, 48.00, '2025-04-15', NULL),
(228, 280, 15, 71.00, '2025-04-15', NULL),
(229, 281, 15, 50.00, '2025-04-15', NULL),
(230, 282, 15, 56.00, '2025-04-15', NULL),
(231, 283, 15, 91.00, '2025-04-15', NULL),
(232, 284, 15, 68.00, '2025-04-15', NULL),
(233, 285, 15, 87.00, '2025-04-15', NULL),
(234, 286, 15, 69.00, '2025-04-15', NULL),
(235, 287, 15, 46.00, '2025-04-15', NULL),
(236, 288, 15, 44.00, '2025-04-15', NULL),
(237, 289, 15, 99.00, '2025-04-15', NULL),
(238, 290, 15, 84.00, '2025-04-15', NULL),
(239, 291, 15, 81.00, '2025-04-15', NULL),
(240, 292, 15, 56.00, '2025-04-15', NULL),
(241, 293, 15, 55.00, '2025-04-15', NULL),
(242, 294, 15, 69.00, '2025-04-15', NULL),
(243, 295, 15, 80.00, '2025-04-15', NULL),
(244, 296, 15, 92.00, '2025-04-15', NULL),
(245, 337, 16, 59.00, '2025-04-15', NULL),
(246, 338, 16, 99.00, '2025-04-15', NULL),
(247, 339, 16, 99.00, '2025-04-15', NULL),
(248, 340, 16, 96.00, '2025-04-15', NULL),
(249, 341, 16, 86.00, '2025-04-15', NULL),
(250, 342, 16, 42.00, '2025-04-15', NULL),
(251, 343, 16, 90.00, '2025-04-15', NULL),
(252, 344, 16, 46.00, '2025-04-15', NULL),
(253, 345, 16, 97.00, '2025-04-15', NULL),
(254, 346, 16, 70.00, '2025-04-15', NULL),
(255, 347, 16, 79.00, '2025-04-15', NULL),
(256, 224, 17, 84.00, '2025-04-15', NULL),
(257, 225, 17, 82.00, '2025-04-15', NULL),
(258, 226, 17, 58.00, '2025-04-15', NULL),
(259, 227, 17, 63.00, '2025-04-15', NULL),
(260, 228, 17, 41.00, '2025-04-15', NULL),
(261, 229, 17, 99.00, '2025-04-15', NULL),
(262, 230, 17, 89.00, '2025-04-15', NULL),
(263, 231, 17, 49.00, '2025-04-15', NULL),
(264, 232, 17, 57.00, '2025-04-15', NULL),
(265, 233, 17, 40.00, '2025-04-15', NULL),
(266, 234, 17, 49.00, '2025-04-15', NULL),
(267, 235, 17, 83.00, '2025-04-15', NULL),
(268, 236, 17, 48.00, '2025-04-15', NULL),
(269, 237, 17, 73.00, '2025-04-15', NULL),
(270, 238, 17, 59.00, '2025-04-15', NULL),
(271, 239, 17, 98.00, '2025-04-15', NULL),
(272, 240, 17, 92.00, '2025-04-15', NULL),
(273, 241, 17, 64.00, '2025-04-15', NULL),
(274, 242, 17, 66.00, '2025-04-15', NULL),
(275, 371, 18, 98.00, '2025-04-15', NULL),
(276, 372, 18, 73.00, '2025-04-15', NULL),
(277, 373, 18, 88.00, '2025-04-15', NULL),
(278, 374, 18, 62.00, '2025-04-15', NULL),
(279, 375, 18, 68.00, '2025-04-15', NULL),
(280, 376, 18, 54.00, '2025-04-15', NULL),
(281, 348, 19, 85.00, '2025-04-15', NULL),
(282, 349, 19, 45.00, '2025-04-15', NULL),
(283, 350, 19, 47.00, '2025-04-15', NULL),
(284, 351, 19, 61.00, '2025-04-15', NULL),
(285, 352, 19, 64.00, '2025-04-15', NULL),
(286, 353, 19, 97.00, '2025-04-15', NULL),
(287, 354, 19, 71.00, '2025-04-15', NULL),
(288, 355, 19, 86.00, '2025-04-15', NULL),
(289, 356, 19, 57.00, '2025-04-15', NULL),
(290, 357, 19, 48.00, '2025-04-15', NULL),
(291, 358, 19, 89.00, '2025-04-15', NULL),
(292, 377, 20, 81.00, '2025-04-15', NULL),
(293, 378, 20, 98.00, '2025-04-15', NULL),
(294, 379, 20, 86.00, '2025-04-15', NULL),
(295, 380, 20, 97.00, '2025-04-15', NULL),
(296, 381, 20, 67.00, '2025-04-15', NULL),
(297, 382, 20, 65.00, '2025-04-15', NULL),
(298, 297, 21, 82.00, '2025-04-15', NULL),
(299, 298, 21, 57.00, '2025-04-15', NULL),
(300, 299, 21, 59.00, '2025-04-15', NULL),
(301, 300, 21, 84.00, '2025-04-15', NULL),
(302, 301, 21, 83.00, '2025-04-15', NULL),
(303, 302, 21, 61.00, '2025-04-15', NULL),
(304, 303, 21, 78.00, '2025-04-15', NULL),
(305, 304, 21, 47.00, '2025-04-15', NULL),
(306, 305, 21, 81.00, '2025-04-15', NULL),
(307, 306, 21, 42.00, '2025-04-15', NULL),
(308, 307, 21, 50.00, '2025-04-15', NULL),
(309, 308, 21, 83.00, '2025-04-15', NULL),
(310, 309, 21, 47.00, '2025-04-15', NULL),
(311, 310, 21, 63.00, '2025-04-15', NULL),
(312, 311, 21, 77.00, '2025-04-15', NULL),
(313, 312, 21, 94.00, '2025-04-15', NULL),
(314, 313, 21, 81.00, '2025-04-15', NULL),
(315, 314, 21, 83.00, '2025-04-15', NULL),
(316, 148, 22, 69.00, '2025-04-15', NULL),
(317, 149, 22, 59.00, '2025-04-15', NULL),
(318, 150, 22, 48.00, '2025-04-15', NULL),
(319, 151, 22, 82.00, '2025-04-15', NULL),
(320, 152, 22, 47.00, '2025-04-15', NULL),
(321, 153, 22, 67.00, '2025-04-15', NULL),
(322, 154, 22, 93.00, '2025-04-15', NULL),
(323, 155, 22, 47.00, '2025-04-15', NULL),
(324, 156, 22, 95.00, '2025-04-15', NULL),
(325, 157, 22, 56.00, '2025-04-15', NULL),
(326, 158, 22, 72.00, '2025-04-15', NULL),
(327, 159, 22, 95.00, '2025-04-15', NULL),
(328, 160, 22, 96.00, '2025-04-15', NULL),
(329, 161, 22, 96.00, '2025-04-15', NULL),
(330, 162, 22, 94.00, '2025-04-15', NULL),
(331, 163, 22, 80.00, '2025-04-15', NULL),
(332, 164, 22, 79.00, '2025-04-15', NULL),
(333, 165, 22, 54.00, '2025-04-15', NULL),
(334, 166, 22, 52.00, '2025-04-15', NULL),
(335, 1, 32, 59.00, '2025-07-20', NULL),
(336, 2, 32, 98.00, '2025-07-20', NULL),
(337, 3, 32, 95.00, '2025-07-20', NULL),
(338, 4, 32, 81.00, '2025-07-20', NULL),
(339, 5, 32, 80.00, '2025-07-20', NULL),
(340, 6, 32, 56.00, '2025-07-20', NULL),
(341, 7, 32, 60.00, '2025-07-20', NULL),
(342, 8, 32, 92.00, '2025-07-20', NULL),
(343, 9, 32, 59.00, '2025-07-20', NULL),
(344, 10, 32, 40.00, '2025-07-20', NULL),
(345, 11, 32, 44.00, '2025-07-20', NULL),
(346, 12, 32, 57.00, '2025-07-20', NULL),
(347, 13, 32, 55.00, '2025-07-20', NULL),
(348, 14, 32, 65.00, '2025-07-20', NULL),
(349, 15, 32, 59.00, '2025-07-20', NULL),
(350, 16, 32, 60.00, '2025-07-20', NULL),
(351, 17, 33, 84.00, '2025-07-20', NULL),
(352, 18, 33, 79.00, '2025-07-20', NULL),
(353, 19, 33, 45.00, '2025-07-20', NULL),
(354, 20, 33, 65.00, '2025-07-20', NULL),
(355, 21, 33, 93.00, '2025-07-20', NULL),
(356, 22, 33, 49.00, '2025-07-20', NULL),
(357, 23, 33, 45.00, '2025-07-20', NULL),
(358, 24, 33, 98.00, '2025-07-20', NULL),
(359, 25, 33, 76.00, '2025-07-20', NULL),
(360, 26, 33, 45.00, '2025-07-20', NULL),
(361, 27, 33, 79.00, '2025-07-20', NULL),
(362, 28, 33, 98.00, '2025-07-20', NULL),
(363, 29, 33, 93.00, '2025-07-20', NULL),
(364, 30, 33, 70.00, '2025-07-20', NULL),
(365, 31, 33, 94.00, '2025-07-20', NULL),
(366, 32, 33, 98.00, '2025-07-20', NULL),
(367, 243, 34, 48.00, '2025-07-20', NULL),
(368, 244, 34, 86.00, '2025-07-20', NULL),
(369, 245, 34, 65.00, '2025-07-20', NULL),
(370, 246, 34, 87.00, '2025-07-20', NULL),
(371, 247, 34, 79.00, '2025-07-20', NULL),
(372, 248, 34, 96.00, '2025-07-20', NULL),
(373, 249, 34, 81.00, '2025-07-20', NULL),
(374, 250, 34, 79.00, '2025-07-20', NULL),
(375, 251, 34, 53.00, '2025-07-20', NULL),
(376, 252, 34, 45.00, '2025-07-20', NULL),
(377, 253, 34, 86.00, '2025-07-20', NULL),
(378, 254, 34, 77.00, '2025-07-20', NULL),
(379, 255, 34, 87.00, '2025-07-20', NULL),
(380, 256, 34, 42.00, '2025-07-20', NULL),
(381, 257, 34, 88.00, '2025-07-20', NULL),
(382, 258, 34, 97.00, '2025-07-20', NULL),
(383, 259, 34, 60.00, '2025-07-20', NULL),
(384, 260, 34, 90.00, '2025-07-20', NULL),
(385, 315, 35, 49.00, '2025-07-20', NULL),
(386, 316, 35, 56.00, '2025-07-20', NULL),
(387, 317, 35, 92.00, '2025-07-20', NULL),
(388, 318, 35, 74.00, '2025-07-20', NULL),
(389, 319, 35, 53.00, '2025-07-20', NULL),
(390, 320, 35, 64.00, '2025-07-20', NULL),
(391, 321, 35, 58.00, '2025-07-20', NULL),
(392, 322, 35, 60.00, '2025-07-20', NULL),
(393, 323, 35, 86.00, '2025-07-20', NULL),
(394, 324, 35, 91.00, '2025-07-20', NULL),
(395, 325, 35, 94.00, '2025-07-20', NULL),
(396, 167, 36, 41.00, '2025-07-20', NULL),
(397, 168, 36, 60.00, '2025-07-20', NULL),
(398, 169, 36, 76.00, '2025-07-20', NULL),
(399, 170, 36, 42.00, '2025-07-20', NULL),
(400, 171, 36, 62.00, '2025-07-20', NULL),
(401, 172, 36, 85.00, '2025-07-20', NULL),
(402, 173, 36, 77.00, '2025-07-20', NULL),
(403, 174, 36, 92.00, '2025-07-20', NULL),
(404, 175, 36, 68.00, '2025-07-20', NULL),
(405, 176, 36, 84.00, '2025-07-20', NULL),
(406, 177, 36, 58.00, '2025-07-20', NULL),
(407, 178, 36, 55.00, '2025-07-20', NULL),
(408, 179, 36, 60.00, '2025-07-20', NULL),
(409, 180, 36, 97.00, '2025-07-20', NULL),
(410, 181, 36, 86.00, '2025-07-20', NULL),
(411, 182, 36, 99.00, '2025-07-20', NULL),
(412, 183, 36, 75.00, '2025-07-20', NULL),
(413, 184, 36, 97.00, '2025-07-20', NULL),
(414, 185, 36, 41.00, '2025-07-20', NULL),
(415, 94, 37, 56.00, '2025-07-20', NULL),
(416, 95, 37, 56.00, '2025-07-20', NULL),
(417, 96, 37, 73.00, '2025-07-20', NULL),
(418, 97, 37, 97.00, '2025-07-20', NULL),
(419, 98, 37, 46.00, '2025-07-20', NULL),
(420, 99, 37, 77.00, '2025-07-20', NULL),
(421, 100, 37, 87.00, '2025-07-20', NULL),
(422, 101, 37, 46.00, '2025-07-20', NULL),
(423, 102, 37, 49.00, '2025-07-20', NULL),
(424, 103, 37, 65.00, '2025-07-20', NULL),
(425, 104, 37, 78.00, '2025-07-20', NULL),
(426, 105, 37, 96.00, '2025-07-20', NULL),
(427, 106, 37, 84.00, '2025-07-20', NULL),
(428, 107, 37, 93.00, '2025-07-20', NULL),
(429, 108, 37, 51.00, '2025-07-20', NULL),
(430, 109, 37, 60.00, '2025-07-20', NULL),
(431, 110, 38, 44.00, '2025-07-20', NULL),
(432, 111, 38, 60.00, '2025-07-20', NULL),
(433, 112, 38, 67.00, '2025-07-20', NULL),
(434, 113, 38, 57.00, '2025-07-20', NULL),
(435, 114, 38, 42.00, '2025-07-20', NULL),
(436, 115, 38, 60.00, '2025-07-20', NULL),
(437, 116, 38, 75.00, '2025-07-20', NULL),
(438, 117, 38, 95.00, '2025-07-20', NULL),
(439, 118, 38, 88.00, '2025-07-20', NULL),
(440, 119, 38, 55.00, '2025-07-20', NULL),
(441, 120, 38, 92.00, '2025-07-20', NULL),
(442, 121, 38, 77.00, '2025-07-20', NULL),
(443, 122, 38, 66.00, '2025-07-20', NULL),
(444, 123, 38, 59.00, '2025-07-20', NULL),
(445, 124, 38, 56.00, '2025-07-20', NULL),
(446, 125, 38, 66.00, '2025-07-20', NULL),
(447, 126, 38, 59.00, '2025-07-20', NULL),
(448, 127, 38, 58.00, '2025-07-20', NULL),
(449, 128, 38, 74.00, '2025-07-20', NULL),
(450, 55, 39, 98.00, '2025-07-20', NULL),
(451, 56, 39, 44.00, '2025-07-20', NULL),
(452, 57, 39, 68.00, '2025-07-20', NULL),
(453, 58, 39, 49.00, '2025-07-20', NULL),
(454, 59, 39, 60.00, '2025-07-20', NULL),
(455, 60, 39, 55.00, '2025-07-20', NULL),
(456, 61, 39, 52.00, '2025-07-20', NULL),
(457, 62, 39, 57.00, '2025-07-20', NULL),
(458, 63, 39, 89.00, '2025-07-20', NULL),
(459, 64, 39, 53.00, '2025-07-20', NULL),
(460, 65, 39, 79.00, '2025-07-20', NULL),
(461, 66, 39, 77.00, '2025-07-20', NULL),
(462, 67, 39, 48.00, '2025-07-20', NULL),
(463, 68, 39, 86.00, '2025-07-20', NULL),
(464, 69, 39, 69.00, '2025-07-20', NULL),
(465, 70, 39, 47.00, '2025-07-20', NULL),
(466, 359, 40, 48.00, '2025-07-20', NULL),
(467, 360, 40, 57.00, '2025-07-20', NULL),
(468, 361, 40, 44.00, '2025-07-20', NULL),
(469, 362, 40, 68.00, '2025-07-20', NULL),
(470, 363, 40, 46.00, '2025-07-20', NULL),
(471, 364, 40, 48.00, '2025-07-20', NULL),
(472, 365, 41, 60.00, '2025-07-20', NULL),
(473, 366, 41, 59.00, '2025-07-20', NULL),
(474, 367, 41, 74.00, '2025-07-20', NULL),
(475, 368, 41, 93.00, '2025-07-20', NULL),
(476, 369, 41, 83.00, '2025-07-20', NULL),
(477, 370, 41, 94.00, '2025-07-20', NULL),
(478, 33, 42, 62.00, '2025-07-20', NULL),
(479, 34, 42, 48.00, '2025-07-20', NULL),
(480, 35, 42, 75.00, '2025-07-20', NULL),
(481, 36, 42, 71.00, '2025-07-20', NULL),
(482, 37, 42, 90.00, '2025-07-20', NULL),
(483, 38, 42, 78.00, '2025-07-20', NULL),
(484, 39, 42, 78.00, '2025-07-20', NULL),
(485, 40, 42, 58.00, '2025-07-20', NULL),
(486, 41, 42, 77.00, '2025-07-20', NULL),
(487, 42, 42, 51.00, '2025-07-20', NULL),
(488, 43, 42, 42.00, '2025-07-20', NULL),
(489, 44, 42, 78.00, '2025-07-20', NULL),
(490, 45, 42, 46.00, '2025-07-20', NULL),
(491, 46, 42, 73.00, '2025-07-20', NULL),
(492, 47, 42, 68.00, '2025-07-20', NULL),
(493, 48, 42, 80.00, '2025-07-20', NULL),
(494, 49, 42, 97.00, '2025-07-20', NULL),
(495, 50, 42, 83.00, '2025-07-20', NULL),
(496, 51, 42, 85.00, '2025-07-20', NULL),
(497, 52, 42, 77.00, '2025-07-20', NULL),
(498, 53, 42, 90.00, '2025-07-20', NULL),
(499, 54, 42, 60.00, '2025-07-20', NULL),
(500, 71, 43, 49.00, '2025-07-20', NULL),
(501, 72, 43, 83.00, '2025-07-20', NULL),
(502, 73, 43, 51.00, '2025-07-20', NULL),
(503, 74, 43, 84.00, '2025-07-20', NULL),
(504, 75, 43, 46.00, '2025-07-20', NULL),
(505, 76, 43, 61.00, '2025-07-20', NULL),
(506, 77, 43, 65.00, '2025-07-20', NULL),
(507, 78, 43, 44.00, '2025-07-20', NULL),
(508, 79, 43, 46.00, '2025-07-20', NULL),
(509, 80, 43, 55.00, '2025-07-20', NULL),
(510, 81, 43, 96.00, '2025-07-20', NULL),
(511, 82, 43, 98.00, '2025-07-20', NULL),
(512, 83, 43, 100.00, '2025-07-20', NULL),
(513, 84, 43, 45.00, '2025-07-20', NULL),
(514, 85, 43, 68.00, '2025-07-20', NULL),
(515, 86, 43, 44.00, '2025-07-20', NULL),
(516, 87, 43, 97.00, '2025-07-20', NULL),
(517, 88, 43, 71.00, '2025-07-20', NULL),
(518, 89, 43, 85.00, '2025-07-20', NULL),
(519, 90, 43, 51.00, '2025-07-20', NULL),
(520, 91, 43, 81.00, '2025-07-20', NULL),
(521, 92, 43, 93.00, '2025-07-20', NULL),
(522, 93, 43, 62.00, '2025-07-20', NULL),
(523, 205, 44, 49.00, '2025-07-20', NULL),
(524, 206, 44, 78.00, '2025-07-20', NULL),
(525, 207, 44, 85.00, '2025-07-20', NULL),
(526, 208, 44, 89.00, '2025-07-20', NULL),
(527, 209, 44, 91.00, '2025-07-20', NULL),
(528, 210, 44, 88.00, '2025-07-20', NULL),
(529, 211, 44, 67.00, '2025-07-20', NULL),
(530, 212, 44, 90.00, '2025-07-20', NULL),
(531, 213, 44, 91.00, '2025-07-20', NULL),
(532, 214, 44, 83.00, '2025-07-20', NULL),
(533, 215, 44, 44.00, '2025-07-20', NULL),
(534, 216, 44, 52.00, '2025-07-20', NULL),
(535, 217, 44, 86.00, '2025-07-20', NULL),
(536, 218, 44, 54.00, '2025-07-20', NULL),
(537, 219, 44, 91.00, '2025-07-20', NULL),
(538, 220, 44, 76.00, '2025-07-20', NULL),
(539, 221, 44, 64.00, '2025-07-20', NULL),
(540, 222, 44, 53.00, '2025-07-20', NULL),
(541, 223, 44, 95.00, '2025-07-20', NULL),
(542, 129, 45, 93.00, '2025-07-20', NULL),
(543, 130, 45, 82.00, '2025-07-20', NULL),
(544, 131, 45, 91.00, '2025-07-20', NULL),
(545, 132, 45, 50.00, '2025-07-20', NULL),
(546, 133, 45, 57.00, '2025-07-20', NULL),
(547, 134, 45, 94.00, '2025-07-20', NULL),
(548, 135, 45, 79.00, '2025-07-20', NULL),
(549, 136, 45, 71.00, '2025-07-20', NULL),
(550, 137, 45, 80.00, '2025-07-20', NULL),
(551, 138, 45, 89.00, '2025-07-20', NULL),
(552, 139, 45, 42.00, '2025-07-20', NULL),
(553, 140, 45, 83.00, '2025-07-20', NULL),
(554, 141, 45, 71.00, '2025-07-20', NULL),
(555, 142, 45, 63.00, '2025-07-20', NULL),
(556, 143, 45, 64.00, '2025-07-20', NULL),
(557, 144, 45, 92.00, '2025-07-20', NULL),
(558, 145, 45, 48.00, '2025-07-20', NULL),
(559, 146, 45, 45.00, '2025-07-20', NULL),
(560, 147, 45, 41.00, '2025-07-20', NULL),
(561, 279, 46, 91.00, '2025-07-20', NULL),
(562, 280, 46, 50.00, '2025-07-20', NULL),
(563, 281, 46, 56.00, '2025-07-20', NULL),
(564, 282, 46, 93.00, '2025-07-20', NULL),
(565, 283, 46, 74.00, '2025-07-20', NULL),
(566, 284, 46, 51.00, '2025-07-20', NULL),
(567, 285, 46, 55.00, '2025-07-20', NULL),
(568, 286, 46, 82.00, '2025-07-20', NULL),
(569, 287, 46, 84.00, '2025-07-20', NULL),
(570, 288, 46, 73.00, '2025-07-20', NULL),
(571, 289, 46, 74.00, '2025-07-20', NULL),
(572, 290, 46, 53.00, '2025-07-20', NULL),
(573, 291, 46, 60.00, '2025-07-20', NULL),
(574, 292, 46, 44.00, '2025-07-20', NULL),
(575, 293, 46, 58.00, '2025-07-20', NULL),
(576, 294, 46, 59.00, '2025-07-20', NULL),
(577, 295, 46, 82.00, '2025-07-20', NULL),
(578, 296, 46, 71.00, '2025-07-20', NULL),
(579, 337, 47, 68.00, '2025-07-20', NULL),
(580, 338, 47, 89.00, '2025-07-20', NULL),
(581, 339, 47, 80.00, '2025-07-20', NULL),
(582, 340, 47, 95.00, '2025-07-20', NULL),
(583, 341, 47, 73.00, '2025-07-20', NULL),
(584, 342, 47, 42.00, '2025-07-20', NULL),
(585, 343, 47, 70.00, '2025-07-20', NULL),
(586, 344, 47, 65.00, '2025-07-20', NULL),
(587, 345, 47, 75.00, '2025-07-20', NULL),
(588, 346, 47, 78.00, '2025-07-20', NULL),
(589, 347, 47, 65.00, '2025-07-20', NULL),
(590, 224, 48, 51.00, '2025-07-20', NULL),
(591, 225, 48, 82.00, '2025-07-20', NULL),
(592, 226, 48, 98.00, '2025-07-20', NULL),
(593, 227, 48, 83.00, '2025-07-20', NULL),
(594, 228, 48, 81.00, '2025-07-20', NULL),
(595, 229, 48, 55.00, '2025-07-20', NULL),
(596, 230, 48, 53.00, '2025-07-20', NULL),
(597, 231, 48, 62.00, '2025-07-20', NULL),
(598, 232, 48, 48.00, '2025-07-20', NULL),
(599, 233, 48, 73.00, '2025-07-20', NULL),
(600, 234, 48, 64.00, '2025-07-20', NULL),
(601, 235, 48, 62.00, '2025-07-20', NULL),
(602, 236, 48, 75.00, '2025-07-20', NULL),
(603, 237, 48, 89.00, '2025-07-20', NULL),
(604, 238, 48, 59.00, '2025-07-20', NULL),
(605, 239, 48, 51.00, '2025-07-20', NULL),
(606, 240, 48, 95.00, '2025-07-20', NULL),
(607, 241, 48, 43.00, '2025-07-20', NULL),
(608, 242, 48, 71.00, '2025-07-20', NULL),
(609, 371, 49, 63.00, '2025-07-20', NULL),
(610, 372, 49, 65.00, '2025-07-20', NULL),
(611, 373, 49, 96.00, '2025-07-20', NULL),
(612, 374, 49, 66.00, '2025-07-20', NULL),
(613, 375, 49, 62.00, '2025-07-20', NULL),
(614, 376, 49, 69.00, '2025-07-20', NULL),
(615, 348, 50, 63.00, '2025-07-20', NULL),
(616, 349, 50, 65.00, '2025-07-20', NULL),
(617, 350, 50, 96.00, '2025-07-20', NULL),
(618, 351, 50, 65.00, '2025-07-20', NULL),
(619, 352, 50, 58.00, '2025-07-20', NULL),
(620, 353, 50, 54.00, '2025-07-20', NULL),
(621, 354, 50, 58.00, '2025-07-20', NULL),
(622, 355, 50, 85.00, '2025-07-20', NULL),
(623, 356, 50, 94.00, '2025-07-20', NULL),
(624, 357, 50, 55.00, '2025-07-20', NULL),
(625, 358, 50, 74.00, '2025-07-20', NULL),
(626, 377, 51, 43.00, '2025-07-20', NULL),
(627, 378, 51, 75.00, '2025-07-20', NULL),
(628, 379, 51, 83.00, '2025-07-20', NULL),
(629, 380, 51, 93.00, '2025-07-20', NULL),
(630, 381, 51, 54.00, '2025-07-20', NULL),
(631, 382, 51, 71.00, '2025-07-20', NULL),
(632, 297, 52, 91.00, '2025-07-20', NULL),
(633, 298, 52, 85.00, '2025-07-20', NULL),
(634, 299, 52, 52.00, '2025-07-20', NULL),
(635, 300, 52, 86.00, '2025-07-20', NULL),
(636, 301, 52, 52.00, '2025-07-20', NULL),
(637, 302, 52, 81.00, '2025-07-20', NULL),
(638, 303, 52, 89.00, '2025-07-20', NULL),
(639, 304, 52, 44.00, '2025-07-20', NULL),
(640, 305, 52, 91.00, '2025-07-20', NULL),
(641, 306, 52, 46.00, '2025-07-20', NULL),
(642, 307, 52, 95.00, '2025-07-20', NULL),
(643, 308, 52, 56.00, '2025-07-20', NULL),
(644, 309, 52, 77.00, '2025-07-20', NULL),
(645, 310, 52, 57.00, '2025-07-20', NULL),
(646, 311, 52, 73.00, '2025-07-20', NULL),
(647, 312, 52, 93.00, '2025-07-20', NULL),
(648, 313, 52, 86.00, '2025-07-20', NULL),
(649, 314, 52, 51.00, '2025-07-20', NULL),
(650, 148, 53, 76.00, '2025-07-20', NULL),
(651, 149, 53, 70.00, '2025-07-20', NULL),
(652, 150, 53, 81.00, '2025-07-20', NULL),
(653, 151, 53, 94.00, '2025-07-20', NULL),
(654, 152, 53, 68.00, '2025-07-20', NULL),
(655, 153, 53, 78.00, '2025-07-20', NULL),
(656, 154, 53, 85.00, '2025-07-20', NULL),
(657, 155, 53, 93.00, '2025-07-20', NULL),
(658, 156, 53, 51.00, '2025-07-20', NULL),
(659, 157, 53, 53.00, '2025-07-20', NULL),
(660, 158, 53, 74.00, '2025-07-20', NULL),
(661, 159, 53, 52.00, '2025-07-20', NULL),
(662, 160, 53, 58.00, '2025-07-20', NULL),
(663, 161, 53, 95.00, '2025-07-20', NULL),
(664, 162, 53, 79.00, '2025-07-20', NULL),
(665, 163, 53, 70.00, '2025-07-20', NULL),
(666, 164, 53, 71.00, '2025-07-20', NULL),
(667, 165, 53, 49.00, '2025-07-20', NULL),
(668, 166, 53, 49.00, '2025-07-20', NULL),
(669, 1, 63, 59.00, '2025-10-30', NULL),
(670, 2, 63, 46.00, '2025-10-30', NULL),
(671, 3, 63, 75.00, '2025-10-30', NULL),
(672, 4, 63, 76.00, '2025-10-30', NULL),
(673, 5, 63, 56.00, '2025-10-30', NULL),
(674, 6, 63, 72.00, '2025-10-30', NULL),
(675, 7, 63, 90.00, '2025-10-30', NULL),
(676, 8, 63, 77.00, '2025-10-30', NULL),
(677, 9, 63, 73.00, '2025-10-30', NULL),
(678, 10, 63, 93.00, '2025-10-30', NULL),
(679, 11, 63, 89.00, '2025-10-30', NULL),
(680, 12, 63, 64.00, '2025-10-30', NULL),
(681, 13, 63, 72.00, '2025-10-30', NULL),
(682, 14, 63, 68.00, '2025-10-30', NULL),
(683, 15, 63, 84.00, '2025-10-30', NULL),
(684, 16, 63, 57.00, '2025-10-30', NULL),
(685, 17, 64, 53.00, '2025-10-30', NULL),
(686, 18, 64, 52.00, '2025-10-30', NULL),
(687, 19, 64, 64.00, '2025-10-30', NULL),
(688, 20, 64, 63.00, '2025-10-30', NULL),
(689, 21, 64, 84.00, '2025-10-30', NULL),
(690, 22, 64, 68.00, '2025-10-30', NULL),
(691, 23, 64, 51.00, '2025-10-30', NULL),
(692, 24, 64, 70.00, '2025-10-30', NULL),
(693, 25, 64, 95.00, '2025-10-30', NULL),
(694, 26, 64, 48.00, '2025-10-30', NULL),
(695, 27, 64, 92.00, '2025-10-30', NULL),
(696, 28, 64, 98.00, '2025-10-30', NULL),
(697, 29, 64, 53.00, '2025-10-30', NULL),
(698, 30, 64, 53.00, '2025-10-30', NULL),
(699, 31, 64, 63.00, '2025-10-30', NULL),
(700, 32, 64, 58.00, '2025-10-30', NULL),
(701, 243, 65, 59.00, '2025-10-30', NULL),
(702, 244, 65, 81.00, '2025-10-30', NULL),
(703, 245, 65, 67.00, '2025-10-30', NULL),
(704, 246, 65, 55.00, '2025-10-30', NULL),
(705, 247, 65, 91.00, '2025-10-30', NULL),
(706, 248, 65, 71.00, '2025-10-30', NULL),
(707, 249, 65, 40.00, '2025-10-30', NULL),
(708, 250, 65, 70.00, '2025-10-30', NULL),
(709, 251, 65, 67.00, '2025-10-30', NULL),
(710, 252, 65, 86.00, '2025-10-30', NULL),
(711, 253, 65, 69.00, '2025-10-30', NULL),
(712, 254, 65, 46.00, '2025-10-30', NULL),
(713, 255, 65, 45.00, '2025-10-30', NULL),
(714, 256, 65, 45.00, '2025-10-30', NULL),
(715, 257, 65, 53.00, '2025-10-30', NULL),
(716, 258, 65, 86.00, '2025-10-30', NULL),
(717, 259, 65, 54.00, '2025-10-30', NULL),
(718, 260, 65, 92.00, '2025-10-30', NULL),
(719, 315, 66, 77.00, '2025-10-30', NULL),
(720, 316, 66, 71.00, '2025-10-30', NULL),
(721, 317, 66, 83.00, '2025-10-30', NULL),
(722, 318, 66, 44.00, '2025-10-30', NULL),
(723, 319, 66, 47.00, '2025-10-30', NULL),
(724, 320, 66, 67.00, '2025-10-30', NULL),
(725, 321, 66, 91.00, '2025-10-30', NULL),
(726, 322, 66, 96.00, '2025-10-30', NULL),
(727, 323, 66, 46.00, '2025-10-30', NULL),
(728, 324, 66, 81.00, '2025-10-30', NULL),
(729, 325, 66, 48.00, '2025-10-30', NULL),
(730, 167, 67, 78.00, '2025-10-30', NULL),
(731, 168, 67, 87.00, '2025-10-30', NULL),
(732, 169, 67, 100.00, '2025-10-30', NULL),
(733, 170, 67, 77.00, '2025-10-30', NULL),
(734, 171, 67, 47.00, '2025-10-30', NULL),
(735, 172, 67, 85.00, '2025-10-30', NULL),
(736, 173, 67, 61.00, '2025-10-30', NULL),
(737, 174, 67, 71.00, '2025-10-30', NULL),
(738, 175, 67, 73.00, '2025-10-30', NULL),
(739, 176, 67, 51.00, '2025-10-30', NULL),
(740, 177, 67, 58.00, '2025-10-30', NULL),
(741, 178, 67, 95.00, '2025-10-30', NULL),
(742, 179, 67, 82.00, '2025-10-30', NULL),
(743, 180, 67, 86.00, '2025-10-30', NULL),
(744, 181, 67, 83.00, '2025-10-30', NULL),
(745, 182, 67, 57.00, '2025-10-30', NULL),
(746, 183, 67, 55.00, '2025-10-30', NULL),
(747, 184, 67, 64.00, '2025-10-30', NULL),
(748, 185, 67, 56.00, '2025-10-30', NULL),
(749, 94, 68, 48.00, '2025-10-30', NULL),
(750, 95, 68, 92.00, '2025-10-30', NULL),
(751, 96, 68, 96.00, '2025-10-30', NULL),
(752, 97, 68, 46.00, '2025-10-30', NULL),
(753, 98, 68, 80.00, '2025-10-30', NULL),
(754, 99, 68, 42.00, '2025-10-30', NULL),
(755, 100, 68, 52.00, '2025-10-30', NULL),
(756, 101, 68, 94.00, '2025-10-30', NULL),
(757, 102, 68, 91.00, '2025-10-30', NULL),
(758, 103, 68, 76.00, '2025-10-30', NULL),
(759, 104, 68, 65.00, '2025-10-30', NULL),
(760, 105, 68, 58.00, '2025-10-30', NULL),
(761, 106, 68, 56.00, '2025-10-30', NULL),
(762, 107, 68, 64.00, '2025-10-30', NULL),
(763, 108, 68, 51.00, '2025-10-30', NULL),
(764, 109, 68, 86.00, '2025-10-30', NULL),
(765, 110, 69, 57.00, '2025-10-30', NULL),
(766, 111, 69, 47.00, '2025-10-30', NULL),
(767, 112, 69, 81.00, '2025-10-30', NULL),
(768, 113, 69, 48.00, '2025-10-30', NULL),
(769, 114, 69, 74.00, '2025-10-30', NULL),
(770, 115, 69, 65.00, '2025-10-30', NULL),
(771, 116, 69, 65.00, '2025-10-30', NULL),
(772, 117, 69, 89.00, '2025-10-30', NULL),
(773, 118, 69, 91.00, '2025-10-30', NULL),
(774, 119, 69, 87.00, '2025-10-30', NULL),
(775, 120, 69, 61.00, '2025-10-30', NULL),
(776, 121, 69, 64.00, '2025-10-30', NULL),
(777, 122, 69, 100.00, '2025-10-30', NULL),
(778, 123, 69, 84.00, '2025-10-30', NULL),
(779, 124, 69, 83.00, '2025-10-30', NULL),
(780, 125, 69, 63.00, '2025-10-30', NULL),
(781, 126, 69, 84.00, '2025-10-30', NULL),
(782, 127, 69, 71.00, '2025-10-30', NULL),
(783, 128, 69, 65.00, '2025-10-30', NULL),
(784, 55, 70, 73.00, '2025-10-30', NULL),
(785, 56, 70, 69.00, '2025-10-30', NULL),
(786, 57, 70, 87.00, '2025-10-30', NULL),
(787, 58, 70, 68.00, '2025-10-30', NULL),
(788, 59, 70, 99.00, '2025-10-30', NULL),
(789, 60, 70, 69.00, '2025-10-30', NULL),
(790, 61, 70, 68.00, '2025-10-30', NULL),
(791, 62, 70, 95.00, '2025-10-30', NULL),
(792, 63, 70, 49.00, '2025-10-30', NULL),
(793, 64, 70, 100.00, '2025-10-30', NULL),
(794, 65, 70, 72.00, '2025-10-30', NULL),
(795, 66, 70, 79.00, '2025-10-30', NULL),
(796, 67, 70, 81.00, '2025-10-30', NULL),
(797, 68, 70, 68.00, '2025-10-30', NULL),
(798, 69, 70, 57.00, '2025-10-30', NULL),
(799, 70, 70, 40.00, '2025-10-30', NULL),
(800, 359, 71, 52.00, '2025-10-30', NULL),
(801, 360, 71, 96.00, '2025-10-30', NULL),
(802, 361, 71, 47.00, '2025-10-30', NULL),
(803, 362, 71, 85.00, '2025-10-30', NULL),
(804, 363, 71, 65.00, '2025-10-30', NULL),
(805, 364, 71, 88.00, '2025-10-30', NULL),
(806, 365, 72, 88.00, '2025-10-30', NULL),
(807, 366, 72, 74.00, '2025-10-30', NULL),
(808, 367, 72, 68.00, '2025-10-30', NULL),
(809, 368, 72, 77.00, '2025-10-30', NULL),
(810, 369, 72, 81.00, '2025-10-30', NULL),
(811, 370, 72, 73.00, '2025-10-30', NULL),
(812, 33, 73, 84.00, '2025-10-30', NULL),
(813, 34, 73, 41.00, '2025-10-30', NULL),
(814, 35, 73, 93.00, '2025-10-30', NULL),
(815, 36, 73, 63.00, '2025-10-30', NULL),
(816, 37, 73, 54.00, '2025-10-30', NULL),
(817, 38, 73, 43.00, '2025-10-30', NULL),
(818, 39, 73, 72.00, '2025-10-30', NULL),
(819, 40, 73, 71.00, '2025-10-30', NULL),
(820, 41, 73, 41.00, '2025-10-30', NULL),
(821, 42, 73, 70.00, '2025-10-30', NULL),
(822, 43, 73, 69.00, '2025-10-30', NULL),
(823, 44, 73, 94.00, '2025-10-30', NULL),
(824, 45, 73, 45.00, '2025-10-30', NULL),
(825, 46, 73, 80.00, '2025-10-30', NULL),
(826, 47, 73, 45.00, '2025-10-30', NULL),
(827, 48, 73, 64.00, '2025-10-30', NULL),
(828, 49, 73, 86.00, '2025-10-30', NULL),
(829, 50, 73, 80.00, '2025-10-30', NULL),
(830, 51, 73, 99.00, '2025-10-30', NULL),
(831, 52, 73, 95.00, '2025-10-30', NULL),
(832, 53, 73, 77.00, '2025-10-30', NULL),
(833, 54, 73, 61.00, '2025-10-30', NULL),
(834, 71, 74, 96.00, '2025-10-30', NULL),
(835, 72, 74, 76.00, '2025-10-30', NULL),
(836, 73, 74, 54.00, '2025-10-30', NULL),
(837, 74, 74, 60.00, '2025-10-30', NULL),
(838, 75, 74, 99.00, '2025-10-30', NULL),
(839, 76, 74, 93.00, '2025-10-30', NULL),
(840, 77, 74, 70.00, '2025-10-30', NULL),
(841, 78, 74, 91.00, '2025-10-30', NULL),
(842, 79, 74, 84.00, '2025-10-30', NULL),
(843, 80, 74, 45.00, '2025-10-30', NULL),
(844, 81, 74, 56.00, '2025-10-30', NULL),
(845, 82, 74, 45.00, '2025-10-30', NULL),
(846, 83, 74, 76.00, '2025-10-30', NULL),
(847, 84, 74, 86.00, '2025-10-30', NULL),
(848, 85, 74, 100.00, '2025-10-30', NULL),
(849, 86, 74, 83.00, '2025-10-30', NULL),
(850, 87, 74, 74.00, '2025-10-30', NULL),
(851, 88, 74, 82.00, '2025-10-30', NULL),
(852, 89, 74, 88.00, '2025-10-30', NULL),
(853, 90, 74, 95.00, '2025-10-30', NULL),
(854, 91, 74, 51.00, '2025-10-30', NULL),
(855, 92, 74, 49.00, '2025-10-30', NULL),
(856, 93, 74, 53.00, '2025-10-30', NULL),
(857, 205, 75, 75.00, '2025-10-30', NULL),
(858, 206, 75, 60.00, '2025-10-30', NULL),
(859, 207, 75, 91.00, '2025-10-30', NULL),
(860, 208, 75, 58.00, '2025-10-30', NULL),
(861, 209, 75, 96.00, '2025-10-30', NULL),
(862, 210, 75, 86.00, '2025-10-30', NULL),
(863, 211, 75, 44.00, '2025-10-30', NULL),
(864, 212, 75, 41.00, '2025-10-30', NULL),
(865, 213, 75, 93.00, '2025-10-30', NULL),
(866, 214, 75, 63.00, '2025-10-30', NULL),
(867, 215, 75, 56.00, '2025-10-30', NULL),
(868, 216, 75, 51.00, '2025-10-30', NULL),
(869, 217, 75, 45.00, '2025-10-30', NULL),
(870, 218, 75, 95.00, '2025-10-30', NULL),
(871, 219, 75, 58.00, '2025-10-30', NULL),
(872, 220, 75, 87.00, '2025-10-30', NULL),
(873, 221, 75, 99.00, '2025-10-30', NULL),
(874, 222, 75, 73.00, '2025-10-30', NULL),
(875, 223, 75, 91.00, '2025-10-30', NULL),
(876, 129, 76, 74.00, '2025-10-30', NULL),
(877, 130, 76, 57.00, '2025-10-30', NULL),
(878, 131, 76, 85.00, '2025-10-30', NULL),
(879, 132, 76, 92.00, '2025-10-30', NULL),
(880, 133, 76, 44.00, '2025-10-30', NULL),
(881, 134, 76, 87.00, '2025-10-30', NULL),
(882, 135, 76, 82.00, '2025-10-30', NULL),
(883, 136, 76, 50.00, '2025-10-30', NULL),
(884, 137, 76, 84.00, '2025-10-30', NULL),
(885, 138, 76, 50.00, '2025-10-30', NULL),
(886, 139, 76, 79.00, '2025-10-30', NULL),
(887, 140, 76, 86.00, '2025-10-30', NULL),
(888, 141, 76, 91.00, '2025-10-30', NULL),
(889, 142, 76, 97.00, '2025-10-30', NULL),
(890, 143, 76, 54.00, '2025-10-30', NULL),
(891, 144, 76, 58.00, '2025-10-30', NULL),
(892, 145, 76, 87.00, '2025-10-30', NULL),
(893, 146, 76, 42.00, '2025-10-30', NULL),
(894, 147, 76, 87.00, '2025-10-30', NULL),
(895, 279, 77, 91.00, '2025-10-30', NULL),
(896, 280, 77, 94.00, '2025-10-30', NULL),
(897, 281, 77, 98.00, '2025-10-30', NULL),
(898, 282, 77, 49.00, '2025-10-30', NULL),
(899, 283, 77, 90.00, '2025-10-30', NULL),
(900, 284, 77, 82.00, '2025-10-30', NULL),
(901, 285, 77, 42.00, '2025-10-30', NULL),
(902, 286, 77, 41.00, '2025-10-30', NULL),
(903, 287, 77, 41.00, '2025-10-30', NULL),
(904, 288, 77, 41.00, '2025-10-30', NULL),
(905, 289, 77, 41.00, '2025-10-30', NULL),
(906, 290, 77, 41.00, '2025-10-30', NULL),
(907, 291, 77, 43.00, '2025-10-30', NULL),
(908, 292, 77, 52.00, '2025-10-30', NULL),
(909, 293, 77, 93.00, '2025-10-30', NULL),
(910, 294, 77, 87.00, '2025-10-30', NULL),
(911, 295, 77, 57.00, '2025-10-30', NULL),
(912, 296, 77, 45.00, '2025-10-30', NULL),
(913, 337, 78, 72.00, '2025-10-30', NULL),
(914, 338, 78, 66.00, '2025-10-30', NULL),
(915, 339, 78, 75.00, '2025-10-30', NULL),
(916, 340, 78, 78.00, '2025-10-30', NULL),
(917, 341, 78, 64.00, '2025-10-30', NULL),
(918, 342, 78, 48.00, '2025-10-30', NULL),
(919, 343, 78, 64.00, '2025-10-30', NULL),
(920, 344, 78, 80.00, '2025-10-30', NULL),
(921, 345, 78, 45.00, '2025-10-30', NULL),
(922, 346, 78, 66.00, '2025-10-30', NULL),
(923, 347, 78, 93.00, '2025-10-30', NULL),
(924, 224, 79, 50.00, '2025-10-30', NULL),
(925, 225, 79, 48.00, '2025-10-30', NULL),
(926, 226, 79, 50.00, '2025-10-30', NULL),
(927, 227, 79, 68.00, '2025-10-30', NULL),
(928, 228, 79, 90.00, '2025-10-30', NULL),
(929, 229, 79, 84.00, '2025-10-30', NULL),
(930, 230, 79, 51.00, '2025-10-30', NULL),
(931, 231, 79, 81.00, '2025-10-30', NULL),
(932, 232, 79, 93.00, '2025-10-30', NULL),
(933, 233, 79, 62.00, '2025-10-30', NULL),
(934, 234, 79, 53.00, '2025-10-30', NULL),
(935, 235, 79, 96.00, '2025-10-30', NULL),
(936, 236, 79, 43.00, '2025-10-30', NULL),
(937, 237, 79, 68.00, '2025-10-30', NULL),
(938, 238, 79, 48.00, '2025-10-30', NULL),
(939, 239, 79, 59.00, '2025-10-30', NULL),
(940, 240, 79, 50.00, '2025-10-30', NULL),
(941, 241, 79, 91.00, '2025-10-30', NULL),
(942, 242, 79, 87.00, '2025-10-30', NULL),
(943, 371, 80, 63.00, '2025-10-30', NULL),
(944, 372, 80, 73.00, '2025-10-30', NULL),
(945, 373, 80, 77.00, '2025-10-30', NULL),
(946, 374, 80, 66.00, '2025-10-30', NULL),
(947, 375, 80, 60.00, '2025-10-30', NULL),
(948, 376, 80, 62.00, '2025-10-30', NULL),
(949, 348, 81, 91.00, '2025-10-30', NULL),
(950, 349, 81, 49.00, '2025-10-30', NULL),
(951, 350, 81, 50.00, '2025-10-30', NULL),
(952, 351, 81, 65.00, '2025-10-30', NULL),
(953, 352, 81, 74.00, '2025-10-30', NULL),
(954, 353, 81, 74.00, '2025-10-30', NULL),
(955, 354, 81, 50.00, '2025-10-30', NULL),
(956, 355, 81, 47.00, '2025-10-30', NULL),
(957, 356, 81, 45.00, '2025-10-30', NULL),
(958, 357, 81, 45.00, '2025-10-30', NULL),
(959, 358, 81, 51.00, '2025-10-30', NULL),
(960, 377, 82, 78.00, '2025-10-30', NULL),
(961, 378, 82, 77.00, '2025-10-30', NULL),
(962, 379, 82, 51.00, '2025-10-30', NULL),
(963, 380, 82, 46.00, '2025-10-30', NULL),
(964, 381, 82, 97.00, '2025-10-30', NULL),
(965, 382, 82, 65.00, '2025-10-30', NULL),
(966, 297, 83, 54.00, '2025-10-30', NULL),
(967, 298, 83, 94.00, '2025-10-30', NULL),
(968, 299, 83, 89.00, '2025-10-30', NULL),
(969, 300, 83, 63.00, '2025-10-30', NULL),
(970, 301, 83, 66.00, '2025-10-30', NULL),
(971, 302, 83, 43.00, '2025-10-30', NULL),
(972, 303, 83, 98.00, '2025-10-30', NULL),
(973, 304, 83, 82.00, '2025-10-30', NULL),
(974, 305, 83, 75.00, '2025-10-30', NULL),
(975, 306, 83, 87.00, '2025-10-30', NULL),
(976, 307, 83, 53.00, '2025-10-30', NULL),
(977, 308, 83, 83.00, '2025-10-30', NULL),
(978, 309, 83, 94.00, '2025-10-30', NULL),
(979, 310, 83, 64.00, '2025-10-30', NULL),
(980, 311, 83, 57.00, '2025-10-30', NULL),
(981, 312, 83, 53.00, '2025-10-30', NULL),
(982, 313, 83, 55.00, '2025-10-30', NULL),
(983, 314, 83, 77.00, '2025-10-30', NULL),
(984, 148, 84, 57.00, '2025-10-30', NULL),
(985, 149, 84, 77.00, '2025-10-30', NULL),
(986, 150, 84, 53.00, '2025-10-30', NULL),
(987, 151, 84, 52.00, '2025-10-30', NULL),
(988, 152, 84, 61.00, '2025-10-30', NULL),
(989, 153, 84, 50.00, '2025-10-30', NULL),
(990, 154, 84, 89.00, '2025-10-30', NULL),
(991, 155, 84, 72.00, '2025-10-30', NULL),
(992, 156, 84, 55.00, '2025-10-30', NULL),
(993, 157, 84, 80.00, '2025-10-30', NULL),
(994, 158, 84, 72.00, '2025-10-30', NULL),
(995, 159, 84, 83.00, '2025-10-30', NULL),
(996, 160, 84, 99.00, '2025-10-30', NULL),
(997, 161, 84, 86.00, '2025-10-30', NULL),
(998, 162, 84, 92.00, '2025-10-30', NULL),
(999, 163, 84, 41.00, '2025-10-30', NULL),
(1000, 164, 84, 68.00, '2025-10-30', NULL),
(1001, 165, 84, 60.00, '2025-10-30', NULL),
(1002, 166, 84, 53.00, '2025-10-30', NULL);

-- --------------------------------------------------------

--
-- Estructura de tabla para la tabla `configuracion`
--

CREATE TABLE `configuracion` (
  `id` int(11) NOT NULL,
  `llave` varchar(100) NOT NULL,
  `valor` varchar(255) NOT NULL
) ENGINE=InnoDB DEFAULT CHARSET=utf8mb4 COLLATE=utf8mb4_general_ci;

--
-- Volcado de datos para la tabla `configuracion`
--

INSERT INTO `configuracion` (`id`, `llave`, `valor`) VALUES
(1, 'schoolName', 'Unidad Educativa Eduardo Avaroa III'),
(2, 'schoolCode', 'UE-EA-003'),
(3, 'schoolAddress', 'El Alto, La Paz, Bolivia'),
(4, 'schoolPhone', '+591 2 2845678'),
(5, 'schoolEmail', 'info@eduardoavaroa.edu.bo'),
(6, 'schoolWebsite', 'https://www.eduardoavaroa.edu.bo'),
(7, 'schoolFoundation', '1918-03-15'),
(8, 'schoolLogo', 'ruta/a/logo.png'),
(9, 'language', 'es'),
(10, 'timezone', 'America/La_Paz'),
(11, 'dateFormat', 'dd/mm/yyyy'),
(12, 'theme', 'default'),
(13, 'primaryColor', '#4e73df'),
(14, 'fontFamily', 'system'),
(15, 'fontSize', 'medium');

-- --------------------------------------------------------

--
-- Estructura de tabla para la tabla `cursos`
--

CREATE TABLE `cursos` (
  `id` int(11) NOT NULL,
  `codigo` varchar(50) NOT NULL,
  `nombre` varchar(150) NOT NULL,
  `grado_id` int(11) NOT NULL,
  `seccion` char(1) NOT NULL,
  `profesor_id` int(11) NOT NULL,
  `materia_id` int(11) NOT NULL,
  `capacidad` int(11) NOT NULL,
  `creditos` int(11) NOT NULL,
  `descripcion` text DEFAULT NULL,
  `fecha_inicio` date DEFAULT NULL,
  `fecha_fin` date DEFAULT NULL,
  `estatus` enum('Activo','Inactivo','Pendiente') NOT NULL DEFAULT 'Activo'
) ENGINE=InnoDB DEFAULT CHARSET=utf8mb4 COLLATE=utf8mb4_general_ci;

--
-- Volcado de datos para la tabla `cursos`
--

INSERT INTO `cursos` (`id`, `codigo`, `nombre`, `grado_id`, `seccion`, `profesor_id`, `materia_id`, `capacidad`, `creditos`, `descripcion`, `fecha_inicio`, `fecha_fin`, `estatus`) VALUES
(1, 'MAT-1P-A', 'Matemáticas I', 1, 'A', 2, 1, 30, 5, 'Curso introductorio de matemáticas para primaria.', NULL, NULL, 'Activo'),
(2, 'LEN-1P-A', 'Lenguaje y Comunicación I', 1, 'A', 3, 6, 30, 4, 'Desarrollo de habilidades de lectura y escritura.', NULL, NULL, 'Activo'),
(3, 'FIS-4S-B', 'Física Clásica', 10, 'B', 4, 2, 25, 6, 'Estudio de la mecánica newtoniana.', NULL, NULL, 'Activo'),
(4, 'QUI-5S-A', 'Química Orgánica', 11, 'A', 5, 3, 25, 6, 'Principios de la química del carbono.', NULL, NULL, 'Activo'),
(5, 'HIS-2S-A', 'Historia Universal', 8, 'A', 6, 7, 35, 4, 'Recorrido por las grandes civilizaciones.', NULL, NULL, 'Activo'),
(6, 'BIO-3S-C', 'Biología Celular', 9, 'C', 7, 4, 30, 5, 'Estudio de la célula y sus funciones.', NULL, NULL, 'Pendiente'),
(7, 'ART-6P-A', 'Artes Plásticas VI', 6, 'A', 8, 14, 20, 3, 'Técnicas avanzadas de pintura y escultura.', NULL, NULL, 'Activo'),
(8, 'GEO-1S-B', 'Geografía de Bolivia', 7, 'B', 9, 8, 35, 4, 'Estudio físico y político del país.', NULL, NULL, 'Activo'),
(9, 'INF-5S-A', 'Programación Básica', 11, 'A', 10, 15, 20, 5, 'Introducción a la lógica de programación con Python.', NULL, NULL, 'Inactivo'),
(10, 'ING-3P-A', 'Inglés Básico III', 3, 'A', 11, 10, 30, 3, 'Vocabulario y gramática elemental.', NULL, NULL, 'Activo'),
(11, 'MAT-6S-A', 'Cálculo Diferencial', 12, 'A', 2, 1, 25, 6, 'Límites, derivadas y aplicaciones.', NULL, NULL, 'Activo'),
(12, 'LIT-6S-A', 'Literatura Boliviana', 12, 'A', 3, 5, 25, 4, 'Análisis de los principales autores nacionales.', NULL, NULL, 'Activo'),
(13, 'EDF-2P-B', 'Educación Física II', 2, 'B', 12, 12, 40, 2, 'Desarrollo de la psicomotricidad.', NULL, NULL, 'Activo'),
(14, 'MUS-4P-A', 'Música y Flauta', 4, 'A', 13, 13, 30, 2, 'Iniciación a la lectura musical.', NULL, NULL, 'Activo'),
(15, 'TEC-3S-B', 'Tecnología Aplicada', 9, 'B', 14, 16, 25, 4, 'Uso de herramientas digitales y robótica básica.', NULL, NULL, 'Activo'),
(16, 'CIV-1S-A', 'Educación Cívica', 7, 'A', 6, 9, 35, 2, 'Derechos y deberes ciudadanos.', NULL, NULL, 'Activo'),
(17, 'FRA-4S-A', 'Francés Intermedio', 10, 'A', 11, 11, 20, 3, 'Consolidación de la gramática y conversación.', NULL, NULL, 'Pendiente'),
(18, 'QUI-4S-A', 'Química Inorgánica', 10, 'A', 5, 3, 25, 6, 'Estudio de los elementos y compuestos inorgánicos.', NULL, NULL, 'Activo'),
(19, 'FIS-5S-B', 'Electromagnetismo', 11, 'B', 4, 2, 25, 6, 'Principios de la electricidad y el magnetismo.', NULL, NULL, 'Activo'),
(20, 'MAT-3S-C', 'Álgebra Avanzada', 9, 'C', 15, 1, 30, 5, 'Polinomios, matrices y sistemas de ecuaciones.', NULL, NULL, 'Activo'),
(21, 'BIO-6S-A', 'Genética y Evolución', 12, 'A', 7, 4, 25, 5, 'Leyes de Mendel y teoría de la evolución.', NULL, NULL, 'Activo'),
(22, 'HIS-5S-B', 'Historia del Siglo XX', 11, 'B', 9, 7, 30, 4, 'Análisis de los grandes conflictos y cambios sociales.', NULL, NULL, 'Activo'),
(23, 'ING-6S-A', 'Inglés Avanzado', 12, 'A', 16, 10, 20, 3, 'Preparación para certificaciones internacionales.', NULL, NULL, 'Activo'),
(24, 'LIT-4S-A', 'Literatura Latinoamericana', 10, 'A', 17, 5, 30, 4, 'Boom latinoamericano y autores contemporáneos.', NULL, NULL, 'Activo'),
(25, 'ART-1S-B', 'Dibujo Técnico', 7, 'B', 8, 14, 25, 3, 'Introducción a la representación gráfica de objetos.', NULL, NULL, 'Activo');

-- --------------------------------------------------------

--
-- Estructura de tabla para la tabla `estudiantes`
--

CREATE TABLE `estudiantes` (
  `id` int(11) NOT NULL,
  `usuario_id` int(11) NOT NULL,
  `codigo_estudiante` varchar(50) NOT NULL,
  `fecha_nacimiento` date NOT NULL,
  `genero` enum('Masculino','Femenino','Otro') NOT NULL,
  `grado_id` int(11) NOT NULL,
  `seccion` char(1) NOT NULL,
  `carrera` varchar(100) DEFAULT NULL,
  `telefono` varchar(20) DEFAULT NULL,
  `direccion` varchar(255) NOT NULL,
  `tutor_nombre` varchar(100) NOT NULL,
  `tutor_telefono` varchar(20) NOT NULL,
  `fecha_inscripcion` date NOT NULL DEFAULT curdate(),
  `estado` enum('Activo','Inactivo','Suspendido') NOT NULL DEFAULT 'Activo',
  `foto_perfil` varchar(255) DEFAULT NULL,
  `observaciones` text DEFAULT NULL
) ENGINE=InnoDB DEFAULT CHARSET=utf8mb4 COLLATE=utf8mb4_general_ci;

--
-- Volcado de datos para la tabla `estudiantes`
--

INSERT INTO `estudiantes` (`id`, `usuario_id`, `codigo_estudiante`, `fecha_nacimiento`, `genero`, `grado_id`, `seccion`, `carrera`, `telefono`, `direccion`, `tutor_nombre`, `tutor_telefono`, `fecha_inscripcion`, `estado`, `foto_perfil`, `observaciones`) VALUES
(1, 10, 'EST-2025001', '2016-04-27', 'Femenino', 4, 'C', NULL, NULL, 'Dirección de prueba #1, El Alto', 'Tutor García', '76217453', '2025-06-11', 'Activo', NULL, NULL),
(2, 11, 'EST-2025002', '2008-11-09', 'Femenino', 12, 'C', NULL, NULL, 'Dirección de prueba #2, El Alto', 'Tutor González', '77532101', '2025-06-11', 'Activo', NULL, NULL),
(3, 12, 'EST-2025003', '2011-08-09', 'Masculino', 9, 'C', NULL, NULL, 'Dirección de prueba #3, El Alto', 'Tutor González', '71795186', '2025-06-11', 'Activo', NULL, NULL),
(4, 13, 'EST-2025004', '2016-06-11', 'Femenino', 4, 'A', NULL, NULL, 'Dirección de prueba #4, El Alto', 'Tutor López', '79457468', '2025-06-11', 'Activo', NULL, NULL),
(5, 14, 'EST-2025005', '2011-08-05', 'Femenino', 9, 'A', NULL, NULL, 'Dirección de prueba #5, El Alto', 'Tutor Muñoz', '79853981', '2025-06-11', 'Activo', NULL, NULL),
(6, 15, 'EST-2025006', '2009-04-03', 'Femenino', 11, 'A', NULL, NULL, 'Dirección de prueba #6, El Alto', 'Tutor Pérez', '76155739', '2025-06-11', 'Activo', NULL, NULL),
(7, 16, 'EST-2025007', '2016-10-25', 'Masculino', 4, 'B', NULL, NULL, 'Dirección de prueba #7, El Alto', 'Tutor Fernández', '73501841', '2025-06-11', 'Activo', NULL, NULL),
(8, 17, 'EST-2025008', '2013-02-13', 'Femenino', 7, 'A', NULL, NULL, 'Dirección de prueba #8, El Alto', 'Tutor Moreno', '78800167', '2025-06-11', 'Activo', NULL, NULL),
(9, 18, 'EST-2025009', '2014-01-21', 'Masculino', 6, 'B', NULL, NULL, 'Dirección de prueba #9, El Alto', 'Tutor Vázquez', '73018122', '2025-06-11', 'Activo', NULL, NULL),
(10, 19, 'EST-2025010', '2017-09-20', 'Masculino', 3, 'B', NULL, NULL, 'Dirección de prueba #10, El Alto', 'Tutor Navarro', '73862713', '2025-06-11', 'Activo', NULL, NULL),
(11, 20, 'EST-2025011', '2018-05-04', 'Femenino', 2, 'C', NULL, NULL, 'Dirección de prueba #11, El Alto', 'Tutor Martín', '73692848', '2025-06-11', 'Activo', NULL, NULL),
(12, 21, 'EST-2025012', '2013-11-19', 'Femenino', 7, 'B', NULL, NULL, 'Dirección de prueba #12, El Alto', 'Tutor Álvarez', '73419761', '2025-06-11', 'Activo', NULL, NULL),
(13, 22, 'EST-2025013', '2010-10-27', 'Femenino', 10, 'C', NULL, NULL, 'Dirección de prueba #13, El Alto', 'Tutor Jiménez', '78719432', '2025-06-11', 'Activo', NULL, NULL),
(14, 23, 'EST-2025014', '2015-08-12', 'Femenino', 5, 'A', NULL, NULL, 'Dirección de prueba #14, El Alto', 'Tutor Hernández', '74999425', '2025-06-11', 'Activo', NULL, NULL),
(15, 24, 'EST-2025015', '2014-08-02', 'Femenino', 6, 'A', NULL, NULL, 'Dirección de prueba #15, El Alto', 'Tutor García', '72256033', '2025-06-11', 'Activo', NULL, NULL),
(16, 25, 'EST-2025016', '2018-07-19', 'Femenino', 2, 'C', NULL, NULL, 'Dirección de prueba #16, El Alto', 'Tutor Ruiz', '75669472', '2025-06-11', 'Activo', NULL, NULL),
(17, 26, 'EST-2025017', '2011-04-18', 'Femenino', 9, 'C', NULL, NULL, 'Dirección de prueba #17, El Alto', 'Tutor Vázquez', '79101173', '2025-06-11', 'Activo', NULL, NULL),
(18, 27, 'EST-2025018', '2015-12-11', 'Masculino', 5, 'B', NULL, NULL, 'Dirección de prueba #18, El Alto', 'Tutor Gómez', '72186697', '2025-06-11', 'Activo', NULL, NULL),
(19, 28, 'EST-2025019', '2014-07-26', 'Masculino', 6, 'C', NULL, NULL, 'Dirección de prueba #19, El Alto', 'Tutor Navarro', '74388613', '2025-06-11', 'Activo', NULL, NULL),
(20, 29, 'EST-2025020', '2010-04-08', 'Femenino', 10, 'A', NULL, NULL, 'Dirección de prueba #20, El Alto', 'Tutor Gutiérrez', '71439501', '2025-06-11', 'Activo', NULL, NULL),
(21, 30, 'EST-2025021', '2012-05-19', 'Masculino', 8, 'A', NULL, NULL, 'Dirección de prueba #21, El Alto', 'Tutor González', '75166545', '2025-06-11', 'Activo', NULL, NULL),
(22, 31, 'EST-2025022', '2017-08-17', 'Femenino', 3, 'C', NULL, NULL, 'Dirección de prueba #22, El Alto', 'Tutor Romero', '73564265', '2025-06-11', 'Activo', NULL, NULL),
(23, 32, 'EST-2025023', '2019-10-06', 'Femenino', 1, 'C', NULL, NULL, 'Dirección de prueba #23, El Alto', 'Tutor Martínez', '76778096', '2025-06-11', 'Activo', NULL, NULL),
(24, 33, 'EST-2025024', '2018-09-14', 'Femenino', 2, 'B', NULL, NULL, 'Dirección de prueba #24, El Alto', 'Tutor Rodríguez', '72349531', '2025-06-11', 'Activo', NULL, NULL),
(25, 34, 'EST-2025025', '2016-12-22', 'Masculino', 4, 'C', NULL, NULL, 'Dirección de prueba #25, El Alto', 'Tutor Pérez', '74872631', '2025-06-11', 'Activo', NULL, NULL),
(26, 35, 'EST-2025026', '2013-01-26', 'Masculino', 7, 'C', NULL, NULL, 'Dirección de prueba #26, El Alto', 'Tutor Álvarez', '72921177', '2025-06-11', 'Activo', NULL, NULL),
(27, 36, 'EST-2025027', '2019-02-02', 'Femenino', 1, 'C', NULL, NULL, 'Dirección de prueba #27, El Alto', 'Tutor Martín', '79486019', '2025-06-11', 'Activo', NULL, NULL),
(28, 37, 'EST-2025028', '2017-08-16', 'Femenino', 3, 'B', NULL, NULL, 'Dirección de prueba #28, El Alto', 'Tutor Ruiz', '76206050', '2025-06-11', 'Activo', NULL, NULL),
(29, 38, 'EST-2025029', '2018-04-18', 'Masculino', 2, 'B', NULL, NULL, 'Dirección de prueba #29, El Alto', 'Tutor Alonso', '75312846', '2025-06-11', 'Activo', NULL, NULL),
(30, 39, 'EST-2025030', '2012-01-24', 'Femenino', 8, 'B', NULL, NULL, 'Dirección de prueba #30, El Alto', 'Tutor García', '77200434', '2025-06-11', 'Activo', NULL, NULL),
(31, 40, 'EST-2025031', '2016-04-08', 'Masculino', 4, 'C', NULL, NULL, 'Dirección de prueba #31, El Alto', 'Tutor Díaz', '78290600', '2025-06-11', 'Activo', NULL, NULL),
(32, 41, 'EST-2025032', '2010-05-24', 'Femenino', 10, 'C', NULL, NULL, 'Dirección de prueba #32, El Alto', 'Tutor Jiménez', '75033763', '2025-06-11', 'Activo', NULL, NULL),
(33, 42, 'EST-2025033', '2019-09-22', 'Femenino', 1, 'A', NULL, NULL, 'Dirección de prueba #33, El Alto', 'Tutor Hernández', '71326249', '2025-06-11', 'Activo', NULL, NULL),
(34, 43, 'EST-2025034', '2018-04-09', 'Masculino', 2, 'C', NULL, NULL, 'Dirección de prueba #34, El Alto', 'Tutor Jiménez', '72312227', '2025-06-11', 'Activo', NULL, NULL),
(35, 44, 'EST-2025035', '2015-09-08', 'Femenino', 5, 'C', NULL, NULL, 'Dirección de prueba #35, El Alto', 'Tutor Hernández', '71162978', '2025-06-11', 'Activo', NULL, NULL),
(36, 45, 'EST-2025036', '2019-08-01', 'Masculino', 1, 'B', NULL, NULL, 'Dirección de prueba #36, El Alto', 'Tutor García', '71386182', '2025-06-11', 'Activo', NULL, NULL),
(37, 46, 'EST-2025037', '2017-12-15', 'Femenino', 3, 'C', NULL, NULL, 'Dirección de prueba #37, El Alto', 'Tutor Navarro', '72227598', '2025-06-11', 'Activo', NULL, NULL),
(38, 47, 'EST-2025038', '2009-12-16', 'Masculino', 11, 'B', NULL, NULL, 'Dirección de prueba #38, El Alto', 'Tutor García', '71500142', '2025-06-11', 'Activo', NULL, NULL),
(39, 48, 'EST-2025039', '2012-10-05', 'Femenino', 8, 'B', NULL, NULL, 'Dirección de prueba #39, El Alto', 'Tutor Romero', '75916688', '2025-06-11', 'Activo', NULL, NULL),
(40, 49, 'EST-2025040', '2013-03-26', 'Femenino', 7, 'A', NULL, NULL, 'Dirección de prueba #40, El Alto', 'Tutor Ruiz', '77402797', '2025-06-11', 'Activo', NULL, NULL),
(41, 50, 'EST-2025041', '2010-05-26', 'Femenino', 10, 'C', NULL, NULL, 'Dirección de prueba #41, El Alto', 'Tutor Pérez', '74636965', '2025-06-11', 'Activo', NULL, NULL),
(42, 51, 'EST-2025042', '2013-06-17', 'Masculino', 7, 'B', NULL, NULL, 'Dirección de prueba #42, El Alto', 'Tutor Ruiz', '78373720', '2025-06-11', 'Activo', NULL, NULL),
(43, 52, 'EST-2025043', '2018-07-05', 'Masculino', 2, 'B', NULL, NULL, 'Dirección de prueba #43, El Alto', 'Tutor Alonso', '74226374', '2025-06-11', 'Activo', NULL, NULL),
(44, 53, 'EST-2025044', '2015-04-16', 'Femenino', 5, 'B', NULL, NULL, 'Dirección de prueba #44, El Alto', 'Tutor Navarro', '76669006', '2025-06-11', 'Activo', NULL, NULL),
(45, 54, 'EST-2025045', '2009-09-22', 'Masculino', 11, 'A', NULL, NULL, 'Dirección de prueba #45, El Alto', 'Tutor Moreno', '74692989', '2025-06-11', 'Activo', NULL, NULL),
(46, 55, 'EST-2025046', '2011-06-02', 'Masculino', 9, 'C', NULL, NULL, 'Dirección de prueba #46, El Alto', 'Tutor Alonso', '76143282', '2025-06-11', 'Activo', NULL, NULL),
(47, 56, 'EST-2025047', '2015-07-22', 'Masculino', 5, 'A', NULL, NULL, 'Dirección de prueba #47, El Alto', 'Tutor Álvarez', '77958499', '2025-06-11', 'Activo', NULL, NULL),
(48, 57, 'EST-2025048', '2010-02-08', 'Femenino', 10, 'C', NULL, NULL, 'Dirección de prueba #48, El Alto', 'Tutor Gutiérrez', '77583868', '2025-06-11', 'Activo', NULL, NULL),
(49, 58, 'EST-2025049', '2017-03-04', 'Masculino', 3, 'C', NULL, NULL, 'Dirección de prueba #49, El Alto', 'Tutor González', '76229224', '2025-06-11', 'Activo', NULL, NULL),
(50, 59, 'EST-2025050', '2019-05-18', 'Femenino', 1, 'B', NULL, NULL, 'Dirección de prueba #50, El Alto', 'Tutor Navarro', '75987103', '2025-06-11', 'Activo', NULL, NULL),
(51, 60, 'EST-2025051', '2012-09-23', 'Femenino', 8, 'B', NULL, NULL, 'Dirección de prueba #51, El Alto', 'Tutor Vázquez', '78881859', '2025-06-11', 'Activo', NULL, NULL),
(52, 61, 'EST-2025052', '2016-01-20', 'Masculino', 4, 'A', NULL, NULL, 'Dirección de prueba #52, El Alto', 'Tutor Moreno', '73010276', '2025-06-11', 'Activo', NULL, NULL),
(53, 62, 'EST-2025053', '2009-05-06', 'Femenino', 11, 'B', NULL, NULL, 'Dirección de prueba #53, El Alto', 'Tutor García', '79050002', '2025-06-11', 'Activo', NULL, NULL),
(54, 63, 'EST-2025054', '2013-08-04', 'Masculino', 7, 'A', NULL, NULL, 'Dirección de prueba #54, El Alto', 'Tutor Díaz', '72565584', '2025-06-11', 'Activo', NULL, NULL),
(55, 64, 'EST-2025055', '2013-03-08', 'Masculino', 7, 'A', NULL, NULL, 'Dirección de prueba #55, El Alto', 'Tutor Sánchez', '72952539', '2025-06-11', 'Activo', NULL, NULL),
(56, 65, 'EST-2025056', '2019-05-03', 'Masculino', 1, 'C', NULL, NULL, 'Dirección de prueba #56, El Alto', 'Tutor Pérez', '72748153', '2025-06-11', 'Activo', NULL, NULL),
(57, 66, 'EST-2025057', '2018-08-15', 'Femenino', 2, 'C', NULL, NULL, 'Dirección de prueba #57, El Alto', 'Tutor Gutiérrez', '71183339', '2025-06-11', 'Activo', NULL, NULL),
(58, 67, 'EST-2025058', '2014-07-09', 'Femenino', 6, 'B', NULL, NULL, 'Dirección de prueba #58, El Alto', 'Tutor Rodríguez', '72247049', '2025-06-11', 'Activo', NULL, NULL),
(59, 68, 'EST-2025059', '2014-04-26', 'Femenino', 6, 'A', NULL, NULL, 'Dirección de prueba #59, El Alto', 'Tutor Romero', '77263216', '2025-06-11', 'Activo', NULL, NULL),
(60, 69, 'EST-2025060', '2019-05-14', 'Masculino', 1, 'B', NULL, NULL, 'Dirección de prueba #60, El Alto', 'Tutor Pérez', '73765539', '2025-06-11', 'Activo', NULL, NULL),
(61, 70, 'EST-2025061', '2014-11-21', 'Masculino', 6, 'A', NULL, NULL, 'Dirección de prueba #61, El Alto', 'Tutor Romero', '76240870', '2025-06-11', 'Activo', NULL, NULL),
(62, 71, 'EST-2025062', '2011-07-05', 'Masculino', 9, 'A', NULL, NULL, 'Dirección de prueba #62, El Alto', 'Tutor López', '75573601', '2025-06-11', 'Activo', NULL, NULL),
(63, 72, 'EST-2025063', '2019-03-24', 'Masculino', 1, 'C', NULL, NULL, 'Dirección de prueba #63, El Alto', 'Tutor García', '76905410', '2025-06-11', 'Activo', NULL, NULL),
(64, 73, 'EST-2025064', '2010-03-24', 'Femenino', 10, 'C', NULL, NULL, 'Dirección de prueba #64, El Alto', 'Tutor Gómez', '79453078', '2025-06-11', 'Activo', NULL, NULL),
(65, 74, 'EST-2025065', '2013-02-23', 'Femenino', 7, 'A', NULL, NULL, 'Dirección de prueba #65, El Alto', 'Tutor Martínez', '71154927', '2025-06-11', 'Activo', NULL, NULL),
(66, 75, 'EST-2025066', '2018-08-19', 'Femenino', 2, 'B', NULL, NULL, 'Dirección de prueba #66, El Alto', 'Tutor Fernández', '77659039', '2025-06-11', 'Activo', NULL, NULL),
(67, 76, 'EST-2025067', '2010-06-19', 'Femenino', 10, 'A', NULL, NULL, 'Dirección de prueba #67, El Alto', 'Tutor Vázquez', '74427749', '2025-06-11', 'Activo', NULL, NULL),
(68, 77, 'EST-2025068', '2016-03-12', 'Masculino', 4, 'A', NULL, NULL, 'Dirección de prueba #68, El Alto', 'Tutor Alonso', '73831830', '2025-06-11', 'Activo', NULL, NULL),
(69, 78, 'EST-2025069', '2012-04-01', 'Femenino', 8, 'B', NULL, NULL, 'Dirección de prueba #69, El Alto', 'Tutor Torres', '79752063', '2025-06-11', 'Activo', NULL, NULL),
(70, 79, 'EST-2025070', '2018-12-21', 'Masculino', 2, 'A', NULL, NULL, 'Dirección de prueba #70, El Alto', 'Tutor Torres', '72329711', '2025-06-11', 'Activo', NULL, NULL),
(71, 80, 'EST-2025071', '2019-10-16', 'Masculino', 1, 'B', NULL, NULL, 'Dirección de prueba #71, El Alto', 'Tutor Gómez', '77849539', '2025-06-11', 'Activo', NULL, NULL),
(72, 81, 'EST-2025072', '2017-11-23', 'Masculino', 3, 'C', NULL, NULL, 'Dirección de prueba #72, El Alto', 'Tutor Hernández', '77748442', '2025-06-11', 'Activo', NULL, NULL),
(73, 82, 'EST-2025073', '2016-10-27', 'Femenino', 4, 'A', NULL, NULL, 'Dirección de prueba #73, El Alto', 'Tutor Romero', '76944650', '2025-06-11', 'Activo', NULL, NULL),
(74, 83, 'EST-2025074', '2018-01-04', 'Masculino', 2, 'C', NULL, NULL, 'Dirección de prueba #74, El Alto', 'Tutor Jiménez', '75679782', '2025-06-11', 'Activo', NULL, NULL),
(75, 84, 'EST-2025075', '2014-11-18', 'Femenino', 6, 'A', NULL, NULL, 'Dirección de prueba #75, El Alto', 'Tutor Gutiérrez', '77603669', '2025-06-11', 'Activo', NULL, NULL),
(76, 85, 'EST-2025076', '2016-04-28', 'Masculino', 4, 'B', NULL, NULL, 'Dirección de prueba #76, El Alto', 'Tutor Díaz', '71401725', '2025-06-11', 'Activo', NULL, NULL),
(77, 86, 'EST-2025077', '2014-11-04', 'Femenino', 6, 'B', NULL, NULL, 'Dirección de prueba #77, El Alto', 'Tutor Muñoz', '72920511', '2025-06-11', 'Activo', NULL, NULL),
(78, 87, 'EST-2025078', '2015-04-02', 'Masculino', 5, 'C', NULL, NULL, 'Dirección de prueba #78, El Alto', 'Tutor Sánchez', '75010299', '2025-06-11', 'Activo', NULL, NULL),
(79, 88, 'EST-2025079', '2012-09-24', 'Femenino', 8, 'A', NULL, NULL, 'Dirección de prueba #79, El Alto', 'Tutor López', '72466478', '2025-06-11', 'Activo', NULL, NULL),
(80, 89, 'EST-2025080', '2013-03-18', 'Femenino', 7, 'A', NULL, NULL, 'Dirección de prueba #80, El Alto', 'Tutor López', '72469046', '2025-06-11', 'Activo', NULL, NULL),
(81, 90, 'EST-2025081', '2013-11-10', 'Masculino', 7, 'A', NULL, NULL, 'Dirección de prueba #81, El Alto', 'Tutor Ruiz', '79325883', '2025-06-11', 'Activo', NULL, NULL),
(82, 91, 'EST-2025082', '2014-11-06', 'Femenino', 6, 'A', NULL, NULL, 'Dirección de prueba #82, El Alto', 'Tutor Moreno', '74279021', '2025-06-11', 'Activo', NULL, NULL),
(83, 92, 'EST-2025083', '2016-04-21', 'Femenino', 4, 'B', NULL, NULL, 'Dirección de prueba #83, El Alto', 'Tutor Martínez', '71008738', '2025-06-11', 'Activo', NULL, NULL),
(84, 93, 'EST-2025084', '2010-11-07', 'Masculino', 10, 'C', NULL, NULL, 'Dirección de prueba #84, El Alto', 'Tutor Pérez', '73692789', '2025-06-11', 'Activo', NULL, NULL),
(85, 94, 'EST-2025085', '2017-03-27', 'Masculino', 3, 'A', NULL, NULL, 'Dirección de prueba #85, El Alto', 'Tutor Domínguez', '76253503', '2025-06-11', 'Activo', NULL, NULL),
(86, 95, 'EST-2025086', '2013-04-02', 'Femenino', 7, 'C', NULL, NULL, 'Dirección de prueba #86, El Alto', 'Tutor Hernández', '73736705', '2025-06-11', 'Activo', NULL, NULL),
(87, 96, 'EST-2025087', '2018-03-05', 'Femenino', 2, 'C', NULL, NULL, 'Dirección de prueba #87, El Alto', 'Tutor Díaz', '75949278', '2025-06-11', 'Activo', NULL, NULL),
(88, 97, 'EST-2025088', '2018-05-21', 'Masculino', 2, 'A', NULL, NULL, 'Dirección de prueba #88, El Alto', 'Tutor Díaz', '72249507', '2025-06-11', 'Activo', NULL, NULL),
(89, 98, 'EST-2025089', '2016-12-01', 'Femenino', 4, 'B', NULL, NULL, 'Dirección de prueba #89, El Alto', 'Tutor Navarro', '73600928', '2025-06-11', 'Activo', NULL, NULL),
(90, 99, 'EST-2025090', '2017-05-14', 'Femenino', 3, 'C', NULL, NULL, 'Dirección de prueba #90, El Alto', 'Tutor González', '75177472', '2025-06-11', 'Activo', NULL, NULL),
(91, 100, 'EST-2025091', '2011-04-16', 'Femenino', 9, 'B', NULL, NULL, 'Dirección de prueba #91, El Alto', 'Tutor Romero', '79593849', '2025-06-11', 'Activo', NULL, NULL),
(92, 101, 'EST-2025092', '2018-01-16', 'Femenino', 2, 'B', NULL, NULL, 'Dirección de prueba #92, El Alto', 'Tutor González', '75791680', '2025-06-11', 'Activo', NULL, NULL),
(93, 102, 'EST-2025093', '2011-02-02', 'Femenino', 9, 'C', NULL, NULL, 'Dirección de prueba #93, El Alto', 'Tutor Fernández', '72600509', '2025-06-11', 'Activo', NULL, NULL),
(94, 103, 'EST-2025094', '2008-07-16', 'Masculino', 12, 'A', NULL, NULL, 'Dirección de prueba #94, El Alto', 'Tutor Alonso', '74822192', '2025-06-11', 'Activo', NULL, NULL),
(95, 104, 'EST-2025095', '2016-07-26', 'Femenino', 4, 'B', NULL, NULL, 'Dirección de prueba #95, El Alto', 'Tutor Martínez', '72445243', '2025-06-11', 'Activo', NULL, NULL),
(96, 105, 'EST-2025096', '2014-10-01', 'Masculino', 6, 'B', NULL, NULL, 'Dirección de prueba #96, El Alto', 'Tutor Martínez', '78287692', '2025-06-11', 'Activo', NULL, NULL),
(97, 106, 'EST-2025097', '2018-07-10', 'Femenino', 2, 'A', NULL, NULL, 'Dirección de prueba #97, El Alto', 'Tutor Fernández', '78993581', '2025-06-11', 'Activo', NULL, NULL),
(98, 107, 'EST-2025098', '2011-11-17', 'Masculino', 9, 'B', NULL, NULL, 'Dirección de prueba #98, El Alto', 'Tutor Muñoz', '78955791', '2025-06-11', 'Activo', NULL, NULL),
(99, 108, 'EST-2025099', '2014-02-25', 'Femenino', 6, 'B', NULL, NULL, 'Dirección de prueba #99, El Alto', 'Tutor Torres', '77986181', '2025-06-11', 'Activo', NULL, NULL),
(100, 109, 'EST-2025100', '2016-05-21', 'Masculino', 4, 'C', NULL, NULL, 'Dirección de prueba #100, El Alto', 'Tutor Romero', '77691530', '2025-06-11', 'Activo', NULL, NULL),
(101, 110, 'EST-2025101', '2009-05-12', 'Femenino', 11, 'B', NULL, NULL, 'Dirección de prueba #101, El Alto', 'Tutor Navarro', '75363876', '2025-06-11', 'Activo', NULL, NULL),
(102, 111, 'EST-2025102', '2012-06-24', 'Masculino', 8, 'A', NULL, NULL, 'Dirección de prueba #102, El Alto', 'Tutor Alonso', '72850220', '2025-06-11', 'Activo', NULL, NULL),
(103, 112, 'EST-2025103', '2017-07-18', 'Masculino', 3, 'C', NULL, NULL, 'Dirección de prueba #103, El Alto', 'Tutor Torres', '77578596', '2025-06-11', 'Activo', NULL, NULL),
(104, 113, 'EST-2025104', '2017-09-08', 'Femenino', 3, 'C', NULL, NULL, 'Dirección de prueba #104, El Alto', 'Tutor Díaz', '78516740', '2025-06-11', 'Activo', NULL, NULL),
(105, 114, 'EST-2025105', '2010-09-07', 'Masculino', 10, 'A', NULL, NULL, 'Dirección de prueba #105, El Alto', 'Tutor Martín', '72435843', '2025-06-11', 'Activo', NULL, NULL),
(106, 115, 'EST-2025106', '2013-02-13', 'Femenino', 7, 'B', NULL, NULL, 'Dirección de prueba #106, El Alto', 'Tutor Muñoz', '79293022', '2025-06-11', 'Activo', NULL, NULL),
(107, 116, 'EST-2025107', '2019-01-19', 'Femenino', 1, 'B', NULL, NULL, 'Dirección de prueba #107, El Alto', 'Tutor Martínez', '77382367', '2025-06-11', 'Activo', NULL, NULL),
(108, 117, 'EST-2025108', '2014-05-25', 'Masculino', 6, 'C', NULL, NULL, 'Dirección de prueba #108, El Alto', 'Tutor Vázquez', '79080863', '2025-06-11', 'Activo', NULL, NULL),
(109, 118, 'EST-2025109', '2011-11-10', 'Femenino', 9, 'B', NULL, NULL, 'Dirección de prueba #109, El Alto', 'Tutor Jiménez', '77608650', '2025-06-11', 'Activo', NULL, NULL),
(110, 119, 'EST-2025110', '2018-05-20', 'Masculino', 2, 'C', NULL, NULL, 'Dirección de prueba #110, El Alto', 'Tutor Fernández', '76149190', '2025-06-11', 'Activo', NULL, NULL),
(111, 120, 'EST-2025111', '2015-05-27', 'Masculino', 5, 'B', NULL, NULL, 'Dirección de prueba #111, El Alto', 'Tutor Moreno', '75762172', '2025-06-11', 'Activo', NULL, NULL),
(112, 121, 'EST-2025112', '2012-11-18', 'Masculino', 8, 'A', NULL, NULL, 'Dirección de prueba #112, El Alto', 'Tutor González', '78638932', '2025-06-11', 'Activo', NULL, NULL),
(113, 122, 'EST-2025113', '2009-04-26', 'Femenino', 11, 'A', NULL, NULL, 'Dirección de prueba #113, El Alto', 'Tutor Romero', '76750604', '2025-06-11', 'Activo', NULL, NULL),
(114, 123, 'EST-2025114', '2015-02-20', 'Femenino', 5, 'C', NULL, NULL, 'Dirección de prueba #114, El Alto', 'Tutor Romero', '79977781', '2025-06-11', 'Activo', NULL, NULL),
(115, 124, 'EST-2025115', '2014-11-02', 'Femenino', 6, 'A', NULL, NULL, 'Dirección de prueba #115, El Alto', 'Tutor Sánchez', '74512239', '2025-06-11', 'Activo', NULL, NULL),
(116, 125, 'EST-2025116', '2013-05-23', 'Masculino', 7, 'C', NULL, NULL, 'Dirección de prueba #116, El Alto', 'Tutor Hernández', '71973593', '2025-06-11', 'Activo', NULL, NULL),
(117, 126, 'EST-2025117', '2013-06-15', 'Femenino', 7, 'A', NULL, NULL, 'Dirección de prueba #117, El Alto', 'Tutor Pérez', '74040478', '2025-06-11', 'Activo', NULL, NULL),
(118, 127, 'EST-2025118', '2010-03-15', 'Masculino', 10, 'B', NULL, NULL, 'Dirección de prueba #118, El Alto', 'Tutor Jiménez', '72234114', '2025-06-11', 'Activo', NULL, NULL),
(119, 128, 'EST-2025119', '2010-04-07', 'Femenino', 10, 'B', NULL, NULL, 'Dirección de prueba #119, El Alto', 'Tutor Sánchez', '71363339', '2025-06-11', 'Activo', NULL, NULL),
(120, 129, 'EST-2025120', '2009-03-01', 'Masculino', 11, 'B', NULL, NULL, 'Dirección de prueba #120, El Alto', 'Tutor Hernández', '73914863', '2025-06-11', 'Activo', NULL, NULL),
(121, 130, 'EST-2025121', '2009-05-25', 'Masculino', 11, 'A', NULL, NULL, 'Dirección de prueba #121, El Alto', 'Tutor Martín', '71891932', '2025-06-11', 'Activo', NULL, NULL),
(122, 131, 'EST-2025122', '2012-10-21', 'Masculino', 8, 'C', NULL, NULL, 'Dirección de prueba #122, El Alto', 'Tutor Martínez', '72639075', '2025-06-11', 'Activo', NULL, NULL),
(123, 132, 'EST-2025123', '2016-10-08', 'Femenino', 4, 'B', NULL, NULL, 'Dirección de prueba #123, El Alto', 'Tutor Díaz', '72090360', '2025-06-11', 'Activo', NULL, NULL),
(124, 133, 'EST-2025124', '2010-01-24', 'Masculino', 10, 'A', NULL, NULL, 'Dirección de prueba #124, El Alto', 'Tutor García', '78073650', '2025-06-11', 'Activo', NULL, NULL),
(125, 134, 'EST-2025125', '2011-11-16', 'Masculino', 9, 'C', NULL, NULL, 'Dirección de prueba #125, El Alto', 'Tutor Muñoz', '71024556', '2025-06-11', 'Activo', NULL, NULL),
(126, 135, 'EST-2025126', '2011-06-09', 'Femenino', 9, 'C', NULL, NULL, 'Dirección de prueba #126, El Alto', 'Tutor Gómez', '73564974', '2025-06-11', 'Activo', NULL, NULL),
(127, 136, 'EST-2025127', '2012-10-18', 'Femenino', 8, 'A', NULL, NULL, 'Dirección de prueba #127, El Alto', 'Tutor Martínez', '73926947', '2025-06-11', 'Activo', NULL, NULL),
(128, 137, 'EST-2025128', '2015-02-19', 'Masculino', 5, 'C', NULL, NULL, 'Dirección de prueba #128, El Alto', 'Tutor Navarro', '73886357', '2025-06-11', 'Activo', NULL, NULL),
(129, 138, 'EST-2025129', '2013-04-02', 'Masculino', 7, 'B', NULL, NULL, 'Dirección de prueba #129, El Alto', 'Tutor Martín', '71913927', '2025-06-11', 'Activo', NULL, NULL),
(130, 139, 'EST-2025130', '2016-04-13', 'Femenino', 4, 'A', NULL, NULL, 'Dirección de prueba #130, El Alto', 'Tutor Jiménez', '76693586', '2025-06-11', 'Activo', NULL, NULL),
(131, 140, 'EST-2025131', '2010-08-04', 'Masculino', 10, 'A', NULL, NULL, 'Dirección de prueba #131, El Alto', 'Tutor Rodríguez', '76972808', '2025-06-11', 'Activo', NULL, NULL),
(132, 141, 'EST-2025132', '2016-10-23', 'Femenino', 4, 'A', NULL, NULL, 'Dirección de prueba #132, El Alto', 'Tutor Ruiz', '73433710', '2025-06-11', 'Activo', NULL, NULL),
(133, 142, 'EST-2025133', '2008-07-23', 'Femenino', 12, 'C', NULL, NULL, 'Dirección de prueba #133, El Alto', 'Tutor Díaz', '76542501', '2025-06-11', 'Activo', NULL, NULL),
(134, 143, 'EST-2025134', '2009-08-15', 'Masculino', 11, 'B', NULL, NULL, 'Dirección de prueba #134, El Alto', 'Tutor Pérez', '75524786', '2025-06-11', 'Activo', NULL, NULL),
(135, 144, 'EST-2025135', '2016-02-16', 'Femenino', 4, 'A', NULL, NULL, 'Dirección de prueba #135, El Alto', 'Tutor Moreno', '74851616', '2025-06-11', 'Activo', NULL, NULL),
(136, 145, 'EST-2025136', '2015-02-22', 'Masculino', 5, 'A', NULL, NULL, 'Dirección de prueba #136, El Alto', 'Tutor Muñoz', '72250686', '2025-06-11', 'Activo', NULL, NULL),
(137, 146, 'EST-2025137', '2018-02-17', 'Femenino', 2, 'B', NULL, NULL, 'Dirección de prueba #137, El Alto', 'Tutor García', '75546034', '2025-06-11', 'Activo', NULL, NULL),
(138, 147, 'EST-2025138', '2011-10-11', 'Masculino', 9, 'B', NULL, NULL, 'Dirección de prueba #138, El Alto', 'Tutor Gómez', '74433948', '2025-06-11', 'Activo', NULL, NULL),
(139, 148, 'EST-2025139', '2018-01-17', 'Masculino', 2, 'C', NULL, NULL, 'Dirección de prueba #139, El Alto', 'Tutor Torres', '76496766', '2025-06-11', 'Activo', NULL, NULL),
(140, 149, 'EST-2025140', '2013-07-24', 'Masculino', 7, 'A', NULL, NULL, 'Dirección de prueba #140, El Alto', 'Tutor Díaz', '79888550', '2025-06-11', 'Activo', NULL, NULL),
(141, 150, 'EST-2025141', '2017-12-17', 'Femenino', 3, 'B', NULL, NULL, 'Dirección de prueba #141, El Alto', 'Tutor Moreno', '78838379', '2025-06-11', 'Activo', NULL, NULL),
(142, 151, 'EST-2025142', '2015-05-20', 'Masculino', 5, 'C', NULL, NULL, 'Dirección de prueba #142, El Alto', 'Tutor Torres', '73662303', '2025-06-11', 'Activo', NULL, NULL),
(143, 152, 'EST-2025143', '2008-12-25', 'Masculino', 12, 'C', NULL, NULL, 'Dirección de prueba #143, El Alto', 'Tutor García', '71484855', '2025-06-11', 'Activo', NULL, NULL),
(144, 153, 'EST-2025144', '2017-12-10', 'Femenino', 3, 'B', NULL, NULL, 'Dirección de prueba #144, El Alto', 'Tutor Torres', '75997175', '2025-06-11', 'Activo', NULL, NULL),
(145, 154, 'EST-2025145', '2019-06-24', 'Femenino', 1, 'A', NULL, NULL, 'Dirección de prueba #145, El Alto', 'Tutor Jiménez', '71545142', '2025-06-11', 'Activo', NULL, NULL),
(146, 155, 'EST-2025146', '2010-01-10', 'Femenino', 10, 'B', NULL, NULL, 'Dirección de prueba #146, El Alto', 'Tutor Alonso', '71386852', '2025-06-11', 'Activo', NULL, NULL),
(147, 156, 'EST-2025147', '2019-12-28', 'Masculino', 1, 'A', NULL, NULL, 'Dirección de prueba #147, El Alto', 'Tutor Navarro', '75539014', '2025-06-11', 'Activo', NULL, NULL),
(148, 157, 'EST-2025148', '2013-05-26', 'Femenino', 7, 'C', NULL, NULL, 'Dirección de prueba #148, El Alto', 'Tutor González', '79984981', '2025-06-11', 'Activo', NULL, NULL),
(149, 158, 'EST-2025149', '2016-04-01', 'Masculino', 4, 'B', NULL, NULL, 'Dirección de prueba #149, El Alto', 'Tutor Álvarez', '78637761', '2025-06-11', 'Activo', NULL, NULL),
(150, 159, 'EST-2025150', '2011-03-26', 'Femenino', 9, 'A', NULL, NULL, 'Dirección de prueba #150, El Alto', 'Tutor Martínez', '75281557', '2025-06-11', 'Activo', NULL, NULL),
(151, 160, 'EST-2025151', '2011-08-26', 'Masculino', 9, 'B', NULL, NULL, 'Dirección de prueba #151, El Alto', 'Tutor Sánchez', '72406078', '2025-06-11', 'Activo', NULL, NULL),
(152, 161, 'EST-2025152', '2016-02-04', 'Femenino', 4, 'A', NULL, NULL, 'Dirección de prueba #152, El Alto', 'Tutor Álvarez', '76212222', '2025-06-11', 'Activo', NULL, NULL),
(153, 162, 'EST-2025153', '2012-11-08', 'Masculino', 8, 'C', NULL, NULL, 'Dirección de prueba #153, El Alto', 'Tutor Ruiz', '77069009', '2025-06-11', 'Activo', NULL, NULL),
(154, 163, 'EST-2025154', '2015-01-17', 'Masculino', 5, 'A', NULL, NULL, 'Dirección de prueba #154, El Alto', 'Tutor Pérez', '74054661', '2025-06-11', 'Activo', NULL, NULL),
(155, 164, 'EST-2025155', '2015-06-25', 'Femenino', 5, 'B', NULL, NULL, 'Dirección de prueba #155, El Alto', 'Tutor García', '72364724', '2025-06-11', 'Activo', NULL, NULL),
(156, 165, 'EST-2025156', '2016-08-28', 'Masculino', 4, 'C', NULL, NULL, 'Dirección de prueba #156, El Alto', 'Tutor López', '73851048', '2025-06-11', 'Activo', NULL, NULL),
(157, 166, 'EST-2025157', '2011-04-14', 'Masculino', 9, 'A', NULL, NULL, 'Dirección de prueba #157, El Alto', 'Tutor Navarro', '73864659', '2025-06-11', 'Activo', NULL, NULL),
(158, 167, 'EST-2025158', '2017-10-19', 'Femenino', 3, 'C', NULL, NULL, 'Dirección de prueba #158, El Alto', 'Tutor López', '77073696', '2025-06-11', 'Activo', NULL, NULL),
(159, 168, 'EST-2025159', '2009-03-01', 'Femenino', 11, 'B', NULL, NULL, 'Dirección de prueba #159, El Alto', 'Tutor González', '74300848', '2025-06-11', 'Activo', NULL, NULL),
(160, 169, 'EST-2025160', '2015-01-21', 'Femenino', 5, 'A', NULL, NULL, 'Dirección de prueba #160, El Alto', 'Tutor Pérez', '73731231', '2025-06-11', 'Activo', NULL, NULL),
(161, 170, 'EST-2025161', '2011-05-04', 'Masculino', 9, 'A', NULL, NULL, 'Dirección de prueba #161, El Alto', 'Tutor Ruiz', '79231483', '2025-06-11', 'Activo', NULL, NULL),
(162, 171, 'EST-2025162', '2014-03-04', 'Masculino', 6, 'B', NULL, NULL, 'Dirección de prueba #162, El Alto', 'Tutor Muñoz', '78606216', '2025-06-11', 'Activo', NULL, NULL),
(163, 172, 'EST-2025163', '2019-09-22', 'Femenino', 1, 'C', NULL, NULL, 'Dirección de prueba #163, El Alto', 'Tutor Gutiérrez', '77202921', '2025-06-11', 'Activo', NULL, NULL),
(164, 173, 'EST-2025164', '2019-04-15', 'Femenino', 1, 'C', NULL, NULL, 'Dirección de prueba #164, El Alto', 'Tutor Romero', '71778823', '2025-06-11', 'Activo', NULL, NULL),
(165, 174, 'EST-2025165', '2008-01-03', 'Femenino', 12, 'B', NULL, NULL, 'Dirección de prueba #165, El Alto', 'Tutor Fernández', '73836808', '2025-06-11', 'Activo', NULL, NULL),
(166, 175, 'EST-2025166', '2018-05-09', 'Masculino', 2, 'A', NULL, NULL, 'Dirección de prueba #166, El Alto', 'Tutor Pérez', '74107736', '2025-06-11', 'Activo', NULL, NULL),
(167, 176, 'EST-2025167', '2012-04-17', 'Masculino', 8, 'C', NULL, NULL, 'Dirección de prueba #167, El Alto', 'Tutor Navarro', '77191523', '2025-06-11', 'Activo', NULL, NULL),
(168, 177, 'EST-2025168', '2010-07-15', 'Femenino', 10, 'C', NULL, NULL, 'Dirección de prueba #168, El Alto', 'Tutor Gómez', '76515795', '2025-06-11', 'Activo', NULL, NULL),
(169, 178, 'EST-2025169', '2012-07-02', 'Femenino', 8, 'B', NULL, NULL, 'Dirección de prueba #169, El Alto', 'Tutor Alonso', '79156407', '2025-06-11', 'Activo', NULL, NULL),
(170, 179, 'EST-2025170', '2019-08-18', 'Femenino', 1, 'B', NULL, NULL, 'Dirección de prueba #170, El Alto', 'Tutor Sánchez', '75780937', '2025-06-11', 'Activo', NULL, NULL),
(171, 180, 'EST-2025171', '2011-08-26', 'Masculino', 9, 'C', NULL, NULL, 'Dirección de prueba #171, El Alto', 'Tutor Torres', '77881999', '2025-06-11', 'Activo', NULL, NULL),
(172, 181, 'EST-2025172', '2018-02-18', 'Femenino', 2, 'B', NULL, NULL, 'Dirección de prueba #172, El Alto', 'Tutor Díaz', '75065343', '2025-06-11', 'Activo', NULL, NULL),
(173, 182, 'EST-2025173', '2017-03-27', 'Masculino', 3, 'A', NULL, NULL, 'Dirección de prueba #173, El Alto', 'Tutor Álvarez', '74252282', '2025-06-11', 'Activo', NULL, NULL),
(174, 183, 'EST-2025174', '2010-04-01', 'Masculino', 10, 'A', NULL, NULL, 'Dirección de prueba #174, El Alto', 'Tutor Romero', '76115463', '2025-06-11', 'Activo', NULL, NULL),
(175, 184, 'EST-2025175', '2017-03-05', 'Masculino', 3, 'B', NULL, NULL, 'Dirección de prueba #175, El Alto', 'Tutor Pérez', '79141333', '2025-06-11', 'Activo', NULL, NULL),
(176, 185, 'EST-2025176', '2017-10-16', 'Femenino', 3, 'B', NULL, NULL, 'Dirección de prueba #176, El Alto', 'Tutor Rodríguez', '76737304', '2025-06-11', 'Activo', NULL, NULL),
(177, 186, 'EST-2025177', '2010-07-20', 'Femenino', 10, 'B', NULL, NULL, 'Dirección de prueba #177, El Alto', 'Tutor Navarro', '71008164', '2025-06-11', 'Activo', NULL, NULL),
(178, 187, 'EST-2025178', '2011-12-22', 'Femenino', 9, 'B', NULL, NULL, 'Dirección de prueba #178, El Alto', 'Tutor González', '75573857', '2025-06-11', 'Activo', NULL, NULL),
(179, 188, 'EST-2025179', '2012-07-13', 'Femenino', 8, 'A', NULL, NULL, 'Dirección de prueba #179, El Alto', 'Tutor Muñoz', '77943133', '2025-06-11', 'Activo', NULL, NULL),
(180, 189, 'EST-2025180', '2016-06-14', 'Masculino', 4, 'A', NULL, NULL, 'Dirección de prueba #180, El Alto', 'Tutor García', '77786900', '2025-06-11', 'Activo', NULL, NULL),
(181, 190, 'EST-2025181', '2012-09-16', 'Masculino', 8, 'B', NULL, NULL, 'Dirección de prueba #181, El Alto', 'Tutor Rodríguez', '78288414', '2025-06-11', 'Activo', NULL, NULL),
(182, 191, 'EST-2025182', '2019-04-04', 'Masculino', 1, 'A', NULL, NULL, 'Dirección de prueba #182, El Alto', 'Tutor Jiménez', '73582001', '2025-06-11', 'Activo', NULL, NULL),
(183, 192, 'EST-2025183', '2018-09-21', 'Femenino', 2, 'B', NULL, NULL, 'Dirección de prueba #183, El Alto', 'Tutor Vázquez', '75405378', '2025-06-11', 'Activo', NULL, NULL),
(184, 193, 'EST-2025184', '2013-09-10', 'Femenino', 7, 'C', NULL, NULL, 'Dirección de prueba #184, El Alto', 'Tutor López', '78641259', '2025-06-11', 'Activo', NULL, NULL),
(185, 194, 'EST-2025185', '2018-05-09', 'Masculino', 2, 'B', NULL, NULL, 'Dirección de prueba #185, El Alto', 'Tutor Martínez', '76878101', '2025-06-11', 'Activo', NULL, NULL),
(186, 195, 'EST-2025186', '2013-03-21', 'Masculino', 7, 'B', NULL, NULL, 'Dirección de prueba #186, El Alto', 'Tutor Díaz', '79997608', '2025-06-11', 'Activo', NULL, NULL),
(187, 196, 'EST-2025187', '2014-05-27', 'Masculino', 6, 'C', NULL, NULL, 'Dirección de prueba #187, El Alto', 'Tutor Torres', '76095341', '2025-06-11', 'Activo', NULL, NULL),
(188, 197, 'EST-2025188', '2016-01-17', 'Masculino', 4, 'C', NULL, NULL, 'Dirección de prueba #188, El Alto', 'Tutor López', '73297457', '2025-06-11', 'Activo', NULL, NULL),
(189, 198, 'EST-2025189', '2011-11-17', 'Masculino', 9, 'B', NULL, NULL, 'Dirección de prueba #189, El Alto', 'Tutor García', '78819086', '2025-06-11', 'Activo', NULL, NULL),
(190, 199, 'EST-2025190', '2012-05-08', 'Femenino', 8, 'B', NULL, NULL, 'Dirección de prueba #190, El Alto', 'Tutor Muñoz', '72057882', '2025-06-11', 'Activo', NULL, NULL),
(191, 200, 'EST-2025191', '2010-04-26', 'Femenino', 10, 'A', NULL, NULL, 'Dirección de prueba #191, El Alto', 'Tutor López', '71315338', '2025-06-11', 'Activo', NULL, NULL),
(192, 201, 'EST-2025192', '2012-10-12', 'Masculino', 8, 'C', NULL, NULL, 'Dirección de prueba #192, El Alto', 'Tutor Gutiérrez', '71451792', '2025-06-11', 'Activo', NULL, NULL),
(193, 202, 'EST-2025193', '2009-01-24', 'Femenino', 11, 'B', NULL, NULL, 'Dirección de prueba #193, El Alto', 'Tutor Álvarez', '77651465', '2025-06-11', 'Activo', NULL, NULL),
(194, 203, 'EST-2025194', '2012-03-09', 'Masculino', 8, 'C', NULL, NULL, 'Dirección de prueba #194, El Alto', 'Tutor Gómez', '75642387', '2025-06-11', 'Activo', NULL, NULL),
(195, 204, 'EST-2025195', '2016-12-28', 'Femenino', 4, 'A', NULL, NULL, 'Dirección de prueba #195, El Alto', 'Tutor Navarro', '78634802', '2025-06-11', 'Activo', NULL, NULL),
(196, 205, 'EST-2025196', '2012-12-17', 'Masculino', 8, 'C', NULL, NULL, 'Dirección de prueba #196, El Alto', 'Tutor Vázquez', '77977192', '2025-06-11', 'Activo', NULL, NULL),
(197, 206, 'EST-2025197', '2014-06-05', 'Masculino', 6, 'C', NULL, NULL, 'Dirección de prueba #197, El Alto', 'Tutor Hernández', '73256038', '2025-06-11', 'Activo', NULL, NULL),
(198, 207, 'EST-2025198', '2018-07-24', 'Femenino', 2, 'B', NULL, NULL, 'Dirección de prueba #198, El Alto', 'Tutor Moreno', '77432857', '2025-06-11', 'Activo', NULL, NULL),
(199, 208, 'EST-2025199', '2015-12-16', 'Masculino', 5, 'C', NULL, NULL, 'Dirección de prueba #199, El Alto', 'Tutor Álvarez', '78632477', '2025-06-11', 'Activo', NULL, NULL),
(200, 209, 'EST-2025200', '2008-09-08', 'Masculino', 12, 'C', NULL, NULL, 'Dirección de prueba #200, El Alto', 'Tutor Muñoz', '71266827', '2025-06-11', 'Activo', NULL, NULL);

-- --------------------------------------------------------

--
-- Estructura de tabla para la tabla `evaluaciones`
--

CREATE TABLE `evaluaciones` (
  `id` int(11) NOT NULL,
  `curso_id` int(11) NOT NULL,
  `periodo` enum('Primer Trimestre','Segundo Trimestre','Tercer Trimestre','Final') NOT NULL,
  `tipo_evaluacion` varchar(50) NOT NULL,
  `fecha` date NOT NULL,
  `titulo` varchar(150) NOT NULL,
  `ponderacion` int(11) NOT NULL,
  `puntaje_maximo` int(11) NOT NULL,
  `puntaje_aprobatorio` int(11) NOT NULL,
  `descripcion` text DEFAULT NULL,
  `metodo_ingreso` enum('individual','batch','template') NOT NULL DEFAULT 'individual',
  `notificar_estudiantes` tinyint(1) NOT NULL DEFAULT 1
) ENGINE=InnoDB DEFAULT CHARSET=utf8mb4 COLLATE=utf8mb4_general_ci;

--
-- Volcado de datos para la tabla `evaluaciones`
--

INSERT INTO `evaluaciones` (`id`, `curso_id`, `periodo`, `tipo_evaluacion`, `fecha`, `titulo`, `ponderacion`, `puntaje_maximo`, `puntaje_aprobatorio`, `descripcion`, `metodo_ingreso`, `notificar_estudiantes`) VALUES
(1, 1, 'Primer Trimestre', 'Examen', '2025-04-15', 'Primer Parcial', 30, 100, 51, NULL, 'individual', 1),
(2, 2, 'Primer Trimestre', 'Examen', '2025-04-15', 'Primer Parcial', 30, 100, 51, NULL, 'individual', 1),
(3, 3, 'Primer Trimestre', 'Examen', '2025-04-15', 'Primer Parcial', 30, 100, 51, NULL, 'individual', 1),
(4, 4, 'Primer Trimestre', 'Examen', '2025-04-15', 'Primer Parcial', 30, 100, 51, NULL, 'individual', 1),
(5, 5, 'Primer Trimestre', 'Examen', '2025-04-15', 'Primer Parcial', 30, 100, 51, NULL, 'individual', 1),
(6, 7, 'Primer Trimestre', 'Examen', '2025-04-15', 'Primer Parcial', 30, 100, 51, NULL, 'individual', 1),
(7, 8, 'Primer Trimestre', 'Examen', '2025-04-15', 'Primer Parcial', 30, 100, 51, NULL, 'individual', 1),
(8, 10, 'Primer Trimestre', 'Examen', '2025-04-15', 'Primer Parcial', 30, 100, 51, NULL, 'individual', 1),
(9, 11, 'Primer Trimestre', 'Examen', '2025-04-15', 'Primer Parcial', 30, 100, 51, NULL, 'individual', 1),
(10, 12, 'Primer Trimestre', 'Examen', '2025-04-15', 'Primer Parcial', 30, 100, 51, NULL, 'individual', 1),
(11, 13, 'Primer Trimestre', 'Examen', '2025-04-15', 'Primer Parcial', 30, 100, 51, NULL, 'individual', 1),
(12, 14, 'Primer Trimestre', 'Examen', '2025-04-15', 'Primer Parcial', 30, 100, 51, NULL, 'individual', 1),
(13, 15, 'Primer Trimestre', 'Examen', '2025-04-15', 'Primer Parcial', 30, 100, 51, NULL, 'individual', 1),
(14, 16, 'Primer Trimestre', 'Examen', '2025-04-15', 'Primer Parcial', 30, 100, 51, NULL, 'individual', 1),
(15, 18, 'Primer Trimestre', 'Examen', '2025-04-15', 'Primer Parcial', 30, 100, 51, NULL, 'individual', 1),
(16, 19, 'Primer Trimestre', 'Examen', '2025-04-15', 'Primer Parcial', 30, 100, 51, NULL, 'individual', 1),
(17, 20, 'Primer Trimestre', 'Examen', '2025-04-15', 'Primer Parcial', 30, 100, 51, NULL, 'individual', 1),
(18, 21, 'Primer Trimestre', 'Examen', '2025-04-15', 'Primer Parcial', 30, 100, 51, NULL, 'individual', 1),
(19, 22, 'Primer Trimestre', 'Examen', '2025-04-15', 'Primer Parcial', 30, 100, 51, NULL, 'individual', 1),
(20, 23, 'Primer Trimestre', 'Examen', '2025-04-15', 'Primer Parcial', 30, 100, 51, NULL, 'individual', 1),
(21, 24, 'Primer Trimestre', 'Examen', '2025-04-15', 'Primer Parcial', 30, 100, 51, NULL, 'individual', 1),
(22, 25, 'Primer Trimestre', 'Examen', '2025-04-15', 'Primer Parcial', 30, 100, 51, NULL, 'individual', 1),
(32, 1, 'Segundo Trimestre', 'Examen', '2025-07-20', 'Segundo Parcial', 30, 100, 51, NULL, 'individual', 1),
(33, 2, 'Segundo Trimestre', 'Examen', '2025-07-20', 'Segundo Parcial', 30, 100, 51, NULL, 'individual', 1),
(34, 3, 'Segundo Trimestre', 'Examen', '2025-07-20', 'Segundo Parcial', 30, 100, 51, NULL, 'individual', 1),
(35, 4, 'Segundo Trimestre', 'Examen', '2025-07-20', 'Segundo Parcial', 30, 100, 51, NULL, 'individual', 1),
(36, 5, 'Segundo Trimestre', 'Examen', '2025-07-20', 'Segundo Parcial', 30, 100, 51, NULL, 'individual', 1),
(37, 7, 'Segundo Trimestre', 'Examen', '2025-07-20', 'Segundo Parcial', 30, 100, 51, NULL, 'individual', 1),
(38, 8, 'Segundo Trimestre', 'Examen', '2025-07-20', 'Segundo Parcial', 30, 100, 51, NULL, 'individual', 1),
(39, 10, 'Segundo Trimestre', 'Examen', '2025-07-20', 'Segundo Parcial', 30, 100, 51, NULL, 'individual', 1),
(40, 11, 'Segundo Trimestre', 'Examen', '2025-07-20', 'Segundo Parcial', 30, 100, 51, NULL, 'individual', 1),
(41, 12, 'Segundo Trimestre', 'Examen', '2025-07-20', 'Segundo Parcial', 30, 100, 51, NULL, 'individual', 1),
(42, 13, 'Segundo Trimestre', 'Examen', '2025-07-20', 'Segundo Parcial', 30, 100, 51, NULL, 'individual', 1),
(43, 14, 'Segundo Trimestre', 'Examen', '2025-07-20', 'Segundo Parcial', 30, 100, 51, NULL, 'individual', 1),
(44, 15, 'Segundo Trimestre', 'Examen', '2025-07-20', 'Segundo Parcial', 30, 100, 51, NULL, 'individual', 1),
(45, 16, 'Segundo Trimestre', 'Examen', '2025-07-20', 'Segundo Parcial', 30, 100, 51, NULL, 'individual', 1),
(46, 18, 'Segundo Trimestre', 'Examen', '2025-07-20', 'Segundo Parcial', 30, 100, 51, NULL, 'individual', 1),
(47, 19, 'Segundo Trimestre', 'Examen', '2025-07-20', 'Segundo Parcial', 30, 100, 51, NULL, 'individual', 1),
(48, 20, 'Segundo Trimestre', 'Examen', '2025-07-20', 'Segundo Parcial', 30, 100, 51, NULL, 'individual', 1),
(49, 21, 'Segundo Trimestre', 'Examen', '2025-07-20', 'Segundo Parcial', 30, 100, 51, NULL, 'individual', 1),
(50, 22, 'Segundo Trimestre', 'Examen', '2025-07-20', 'Segundo Parcial', 30, 100, 51, NULL, 'individual', 1),
(51, 23, 'Segundo Trimestre', 'Examen', '2025-07-20', 'Segundo Parcial', 30, 100, 51, NULL, 'individual', 1),
(52, 24, 'Segundo Trimestre', 'Examen', '2025-07-20', 'Segundo Parcial', 30, 100, 51, NULL, 'individual', 1),
(53, 25, 'Segundo Trimestre', 'Examen', '2025-07-20', 'Segundo Parcial', 30, 100, 51, NULL, 'individual', 1),
(63, 1, 'Tercer Trimestre', 'Proyecto', '2025-10-30', 'Proyecto Final', 40, 100, 51, NULL, 'individual', 1),
(64, 2, 'Tercer Trimestre', 'Proyecto', '2025-10-30', 'Proyecto Final', 40, 100, 51, NULL, 'individual', 1),
(65, 3, 'Tercer Trimestre', 'Proyecto', '2025-10-30', 'Proyecto Final', 40, 100, 51, NULL, 'individual', 1),
(66, 4, 'Tercer Trimestre', 'Proyecto', '2025-10-30', 'Proyecto Final', 40, 100, 51, NULL, 'individual', 1),
(67, 5, 'Tercer Trimestre', 'Proyecto', '2025-10-30', 'Proyecto Final', 40, 100, 51, NULL, 'individual', 1),
(68, 7, 'Tercer Trimestre', 'Proyecto', '2025-10-30', 'Proyecto Final', 40, 100, 51, NULL, 'individual', 1),
(69, 8, 'Tercer Trimestre', 'Proyecto', '2025-10-30', 'Proyecto Final', 40, 100, 51, NULL, 'individual', 1),
(70, 10, 'Tercer Trimestre', 'Proyecto', '2025-10-30', 'Proyecto Final', 40, 100, 51, NULL, 'individual', 1),
(71, 11, 'Tercer Trimestre', 'Proyecto', '2025-10-30', 'Proyecto Final', 40, 100, 51, NULL, 'individual', 1),
(72, 12, 'Tercer Trimestre', 'Proyecto', '2025-10-30', 'Proyecto Final', 40, 100, 51, NULL, 'individual', 1),
(73, 13, 'Tercer Trimestre', 'Proyecto', '2025-10-30', 'Proyecto Final', 40, 100, 51, NULL, 'individual', 1),
(74, 14, 'Tercer Trimestre', 'Proyecto', '2025-10-30', 'Proyecto Final', 40, 100, 51, NULL, 'individual', 1),
(75, 15, 'Tercer Trimestre', 'Proyecto', '2025-10-30', 'Proyecto Final', 40, 100, 51, NULL, 'individual', 1),
(76, 16, 'Tercer Trimestre', 'Proyecto', '2025-10-30', 'Proyecto Final', 40, 100, 51, NULL, 'individual', 1),
(77, 18, 'Tercer Trimestre', 'Proyecto', '2025-10-30', 'Proyecto Final', 40, 100, 51, NULL, 'individual', 1),
(78, 19, 'Tercer Trimestre', 'Proyecto', '2025-10-30', 'Proyecto Final', 40, 100, 51, NULL, 'individual', 1),
(79, 20, 'Tercer Trimestre', 'Proyecto', '2025-10-30', 'Proyecto Final', 40, 100, 51, NULL, 'individual', 1),
(80, 21, 'Tercer Trimestre', 'Proyecto', '2025-10-30', 'Proyecto Final', 40, 100, 51, NULL, 'individual', 1),
(81, 22, 'Tercer Trimestre', 'Proyecto', '2025-10-30', 'Proyecto Final', 40, 100, 51, NULL, 'individual', 1),
(82, 23, 'Tercer Trimestre', 'Proyecto', '2025-10-30', 'Proyecto Final', 40, 100, 51, NULL, 'individual', 1),
(83, 24, 'Tercer Trimestre', 'Proyecto', '2025-10-30', 'Proyecto Final', 40, 100, 51, NULL, 'individual', 1),
(84, 25, 'Tercer Trimestre', 'Proyecto', '2025-10-30', 'Proyecto Final', 40, 100, 51, NULL, 'individual', 1);

-- --------------------------------------------------------

--
-- Estructura de tabla para la tabla `grados`
--

CREATE TABLE `grados` (
  `id` int(11) NOT NULL,
  `nombre` varchar(50) NOT NULL,
  `nivel` enum('Primaria','Secundaria') NOT NULL
) ENGINE=InnoDB DEFAULT CHARSET=utf8mb4 COLLATE=utf8mb4_general_ci;

--
-- Volcado de datos para la tabla `grados`
--

INSERT INTO `grados` (`id`, `nombre`, `nivel`) VALUES
(1, '1° Primaria', 'Primaria'),
(2, '2° Primaria', 'Primaria'),
(3, '3° Primaria', 'Primaria'),
(4, '4° Primaria', 'Primaria'),
(5, '5° Primaria', 'Primaria'),
(6, '6° Primaria', 'Primaria'),
(7, '1° Secundaria', 'Secundaria'),
(8, '2° Secundaria', 'Secundaria'),
(9, '3° Secundaria', 'Secundaria'),
(10, '4° Secundaria', 'Secundaria'),
(11, '5° Secundaria', 'Secundaria'),
(12, '6° Secundaria', 'Secundaria');

-- --------------------------------------------------------

--
-- Estructura de tabla para la tabla `horarios`
--

CREATE TABLE `horarios` (
  `id` int(11) NOT NULL,
  `curso_id` int(11) NOT NULL,
  `dia` enum('monday','tuesday','wednesday','thursday','friday') NOT NULL,
  `hora_inicio` time NOT NULL,
  `hora_fin` time NOT NULL,
  `aula` varchar(50) NOT NULL
) ENGINE=InnoDB DEFAULT CHARSET=utf8mb4 COLLATE=utf8mb4_general_ci;

-- --------------------------------------------------------

--
-- Estructura de tabla para la tabla `materiales`
--

CREATE TABLE `materiales` (
  `id` int(11) NOT NULL,
  `curso_id` int(11) NOT NULL,
  `profesor_id` int(11) NOT NULL,
  `titulo` varchar(150) NOT NULL,
  `descripcion` text DEFAULT NULL,
  `tipo` enum('Documento','Presentación','Video','Enlace','Otro') NOT NULL,
  `unidad` varchar(100) NOT NULL,
  `url` varchar(255) DEFAULT NULL,
  `file_path` varchar(255) DEFAULT NULL,
  `share_with_students` tinyint(1) NOT NULL DEFAULT 1,
  `notify_students` tinyint(1) NOT NULL DEFAULT 1,
  `fecha_subida` datetime NOT NULL DEFAULT current_timestamp()
) ENGINE=InnoDB DEFAULT CHARSET=utf8mb4 COLLATE=utf8mb4_general_ci;

-- --------------------------------------------------------

--
-- Estructura de tabla para la tabla `materias`
--

CREATE TABLE `materias` (
  `id` int(11) NOT NULL,
  `nombre` varchar(100) NOT NULL
) ENGINE=InnoDB DEFAULT CHARSET=utf8mb4 COLLATE=utf8mb4_general_ci;

--
-- Volcado de datos para la tabla `materias`
--

INSERT INTO `materias` (`id`, `nombre`) VALUES
(14, 'Artes Plásticas'),
(4, 'Biología'),
(9, 'Cívica'),
(12, 'Educación Física'),
(2, 'Física'),
(11, 'Francés'),
(8, 'Geografía'),
(7, 'Historia'),
(15, 'Informática'),
(10, 'Inglés'),
(6, 'Lenguaje'),
(5, 'Literatura'),
(1, 'Matemáticas'),
(13, 'Música'),
(3, 'Química'),
(16, 'Tecnología');

-- --------------------------------------------------------

--
-- Estructura de tabla para la tabla `matriculas`
--

CREATE TABLE `matriculas` (
  `id` int(11) NOT NULL,
  `estudiante_id` int(11) NOT NULL,
  `curso_id` int(11) NOT NULL,
  `fecha_matricula` date NOT NULL DEFAULT curdate()
) ENGINE=InnoDB DEFAULT CHARSET=utf8mb4 COLLATE=utf8mb4_general_ci;

--
-- Volcado de datos para la tabla `matriculas`
--

INSERT INTO `matriculas` (`id`, `estudiante_id`, `curso_id`, `fecha_matricula`) VALUES
(1, 23, 1, '2025-06-11'),
(2, 27, 1, '2025-06-11'),
(3, 33, 1, '2025-06-11'),
(4, 36, 1, '2025-06-11'),
(5, 50, 1, '2025-06-11'),
(6, 56, 1, '2025-06-11'),
(7, 60, 1, '2025-06-11'),
(8, 63, 1, '2025-06-11'),
(9, 71, 1, '2025-06-11'),
(10, 107, 1, '2025-06-11'),
(11, 145, 1, '2025-06-11'),
(12, 147, 1, '2025-06-11'),
(13, 163, 1, '2025-06-11'),
(14, 164, 1, '2025-06-11'),
(15, 170, 1, '2025-06-11'),
(16, 182, 1, '2025-06-11'),
(17, 23, 2, '2025-06-11'),
(18, 27, 2, '2025-06-11'),
(19, 33, 2, '2025-06-11'),
(20, 36, 2, '2025-06-11'),
(21, 50, 2, '2025-06-11'),
(22, 56, 2, '2025-06-11'),
(23, 60, 2, '2025-06-11'),
(24, 63, 2, '2025-06-11'),
(25, 71, 2, '2025-06-11'),
(26, 107, 2, '2025-06-11'),
(27, 145, 2, '2025-06-11'),
(28, 147, 2, '2025-06-11'),
(29, 163, 2, '2025-06-11'),
(30, 164, 2, '2025-06-11'),
(31, 170, 2, '2025-06-11'),
(32, 182, 2, '2025-06-11'),
(33, 11, 13, '2025-06-11'),
(34, 16, 13, '2025-06-11'),
(35, 24, 13, '2025-06-11'),
(36, 29, 13, '2025-06-11'),
(37, 34, 13, '2025-06-11'),
(38, 43, 13, '2025-06-11'),
(39, 57, 13, '2025-06-11'),
(40, 66, 13, '2025-06-11'),
(41, 70, 13, '2025-06-11'),
(42, 74, 13, '2025-06-11'),
(43, 87, 13, '2025-06-11'),
(44, 88, 13, '2025-06-11'),
(45, 92, 13, '2025-06-11'),
(46, 97, 13, '2025-06-11'),
(47, 110, 13, '2025-06-11'),
(48, 137, 13, '2025-06-11'),
(49, 139, 13, '2025-06-11'),
(50, 166, 13, '2025-06-11'),
(51, 172, 13, '2025-06-11'),
(52, 183, 13, '2025-06-11'),
(53, 185, 13, '2025-06-11'),
(54, 198, 13, '2025-06-11'),
(55, 10, 10, '2025-06-11'),
(56, 22, 10, '2025-06-11'),
(57, 28, 10, '2025-06-11'),
(58, 37, 10, '2025-06-11'),
(59, 49, 10, '2025-06-11'),
(60, 72, 10, '2025-06-11'),
(61, 85, 10, '2025-06-11'),
(62, 90, 10, '2025-06-11'),
(63, 103, 10, '2025-06-11'),
(64, 104, 10, '2025-06-11'),
(65, 141, 10, '2025-06-11'),
(66, 144, 10, '2025-06-11'),
(67, 158, 10, '2025-06-11'),
(68, 173, 10, '2025-06-11'),
(69, 175, 10, '2025-06-11'),
(70, 176, 10, '2025-06-11'),
(71, 1, 14, '2025-06-11'),
(72, 4, 14, '2025-06-11'),
(73, 7, 14, '2025-06-11'),
(74, 25, 14, '2025-06-11'),
(75, 31, 14, '2025-06-11'),
(76, 52, 14, '2025-06-11'),
(77, 68, 14, '2025-06-11'),
(78, 73, 14, '2025-06-11'),
(79, 76, 14, '2025-06-11'),
(80, 83, 14, '2025-06-11'),
(81, 89, 14, '2025-06-11'),
(82, 95, 14, '2025-06-11'),
(83, 100, 14, '2025-06-11'),
(84, 123, 14, '2025-06-11'),
(85, 130, 14, '2025-06-11'),
(86, 132, 14, '2025-06-11'),
(87, 135, 14, '2025-06-11'),
(88, 149, 14, '2025-06-11'),
(89, 152, 14, '2025-06-11'),
(90, 156, 14, '2025-06-11'),
(91, 180, 14, '2025-06-11'),
(92, 188, 14, '2025-06-11'),
(93, 195, 14, '2025-06-11'),
(94, 9, 7, '2025-06-11'),
(95, 15, 7, '2025-06-11'),
(96, 19, 7, '2025-06-11'),
(97, 58, 7, '2025-06-11'),
(98, 59, 7, '2025-06-11'),
(99, 61, 7, '2025-06-11'),
(100, 75, 7, '2025-06-11'),
(101, 77, 7, '2025-06-11'),
(102, 82, 7, '2025-06-11'),
(103, 96, 7, '2025-06-11'),
(104, 99, 7, '2025-06-11'),
(105, 108, 7, '2025-06-11'),
(106, 115, 7, '2025-06-11'),
(107, 162, 7, '2025-06-11'),
(108, 187, 7, '2025-06-11'),
(109, 197, 7, '2025-06-11'),
(110, 8, 8, '2025-06-11'),
(111, 12, 8, '2025-06-11'),
(112, 26, 8, '2025-06-11'),
(113, 40, 8, '2025-06-11'),
(114, 42, 8, '2025-06-11'),
(115, 54, 8, '2025-06-11'),
(116, 55, 8, '2025-06-11'),
(117, 65, 8, '2025-06-11'),
(118, 80, 8, '2025-06-11'),
(119, 81, 8, '2025-06-11'),
(120, 86, 8, '2025-06-11'),
(121, 106, 8, '2025-06-11'),
(122, 116, 8, '2025-06-11'),
(123, 117, 8, '2025-06-11'),
(124, 129, 8, '2025-06-11'),
(125, 140, 8, '2025-06-11'),
(126, 148, 8, '2025-06-11'),
(127, 184, 8, '2025-06-11'),
(128, 186, 8, '2025-06-11'),
(129, 8, 16, '2025-06-11'),
(130, 12, 16, '2025-06-11'),
(131, 26, 16, '2025-06-11'),
(132, 40, 16, '2025-06-11'),
(133, 42, 16, '2025-06-11'),
(134, 54, 16, '2025-06-11'),
(135, 55, 16, '2025-06-11'),
(136, 65, 16, '2025-06-11'),
(137, 80, 16, '2025-06-11'),
(138, 81, 16, '2025-06-11'),
(139, 86, 16, '2025-06-11'),
(140, 106, 16, '2025-06-11'),
(141, 116, 16, '2025-06-11'),
(142, 117, 16, '2025-06-11'),
(143, 129, 16, '2025-06-11'),
(144, 140, 16, '2025-06-11'),
(145, 148, 16, '2025-06-11'),
(146, 184, 16, '2025-06-11'),
(147, 186, 16, '2025-06-11'),
(148, 8, 25, '2025-06-11'),
(149, 12, 25, '2025-06-11'),
(150, 26, 25, '2025-06-11'),
(151, 40, 25, '2025-06-11'),
(152, 42, 25, '2025-06-11'),
(153, 54, 25, '2025-06-11'),
(154, 55, 25, '2025-06-11'),
(155, 65, 25, '2025-06-11'),
(156, 80, 25, '2025-06-11'),
(157, 81, 25, '2025-06-11'),
(158, 86, 25, '2025-06-11'),
(159, 106, 25, '2025-06-11'),
(160, 116, 25, '2025-06-11'),
(161, 117, 25, '2025-06-11'),
(162, 129, 25, '2025-06-11'),
(163, 140, 25, '2025-06-11'),
(164, 148, 25, '2025-06-11'),
(165, 184, 25, '2025-06-11'),
(166, 186, 25, '2025-06-11'),
(167, 21, 5, '2025-06-11'),
(168, 30, 5, '2025-06-11'),
(169, 39, 5, '2025-06-11'),
(170, 51, 5, '2025-06-11'),
(171, 69, 5, '2025-06-11'),
(172, 79, 5, '2025-06-11'),
(173, 102, 5, '2025-06-11'),
(174, 112, 5, '2025-06-11'),
(175, 122, 5, '2025-06-11'),
(176, 127, 5, '2025-06-11'),
(177, 153, 5, '2025-06-11'),
(178, 167, 5, '2025-06-11'),
(179, 169, 5, '2025-06-11'),
(180, 179, 5, '2025-06-11'),
(181, 181, 5, '2025-06-11'),
(182, 190, 5, '2025-06-11'),
(183, 192, 5, '2025-06-11'),
(184, 194, 5, '2025-06-11'),
(185, 196, 5, '2025-06-11'),
(186, 3, 6, '2025-06-11'),
(187, 5, 6, '2025-06-11'),
(188, 17, 6, '2025-06-11'),
(189, 46, 6, '2025-06-11'),
(190, 62, 6, '2025-06-11'),
(191, 91, 6, '2025-06-11'),
(192, 93, 6, '2025-06-11'),
(193, 98, 6, '2025-06-11'),
(194, 109, 6, '2025-06-11'),
(195, 125, 6, '2025-06-11'),
(196, 126, 6, '2025-06-11'),
(197, 138, 6, '2025-06-11'),
(198, 150, 6, '2025-06-11'),
(199, 151, 6, '2025-06-11'),
(200, 157, 6, '2025-06-11'),
(201, 161, 6, '2025-06-11'),
(202, 171, 6, '2025-06-11'),
(203, 178, 6, '2025-06-11'),
(204, 189, 6, '2025-06-11'),
(205, 3, 15, '2025-06-11'),
(206, 5, 15, '2025-06-11'),
(207, 17, 15, '2025-06-11'),
(208, 46, 15, '2025-06-11'),
(209, 62, 15, '2025-06-11'),
(210, 91, 15, '2025-06-11'),
(211, 93, 15, '2025-06-11'),
(212, 98, 15, '2025-06-11'),
(213, 109, 15, '2025-06-11'),
(214, 125, 15, '2025-06-11'),
(215, 126, 15, '2025-06-11'),
(216, 138, 15, '2025-06-11'),
(217, 150, 15, '2025-06-11'),
(218, 151, 15, '2025-06-11'),
(219, 157, 15, '2025-06-11'),
(220, 161, 15, '2025-06-11'),
(221, 171, 15, '2025-06-11'),
(222, 178, 15, '2025-06-11'),
(223, 189, 15, '2025-06-11'),
(224, 3, 20, '2025-06-11'),
(225, 5, 20, '2025-06-11'),
(226, 17, 20, '2025-06-11'),
(227, 46, 20, '2025-06-11'),
(228, 62, 20, '2025-06-11'),
(229, 91, 20, '2025-06-11'),
(230, 93, 20, '2025-06-11'),
(231, 98, 20, '2025-06-11'),
(232, 109, 20, '2025-06-11'),
(233, 125, 20, '2025-06-11'),
(234, 126, 20, '2025-06-11'),
(235, 138, 20, '2025-06-11'),
(236, 150, 20, '2025-06-11'),
(237, 151, 20, '2025-06-11'),
(238, 157, 20, '2025-06-11'),
(239, 161, 20, '2025-06-11'),
(240, 171, 20, '2025-06-11'),
(241, 178, 20, '2025-06-11'),
(242, 189, 20, '2025-06-11'),
(243, 13, 3, '2025-06-11'),
(244, 20, 3, '2025-06-11'),
(245, 32, 3, '2025-06-11'),
(246, 41, 3, '2025-06-11'),
(247, 48, 3, '2025-06-11'),
(248, 64, 3, '2025-06-11'),
(249, 67, 3, '2025-06-11'),
(250, 84, 3, '2025-06-11'),
(251, 105, 3, '2025-06-11'),
(252, 118, 3, '2025-06-11'),
(253, 119, 3, '2025-06-11'),
(254, 124, 3, '2025-06-11'),
(255, 131, 3, '2025-06-11'),
(256, 146, 3, '2025-06-11'),
(257, 168, 3, '2025-06-11'),
(258, 174, 3, '2025-06-11'),
(259, 177, 3, '2025-06-11'),
(260, 191, 3, '2025-06-11'),
(261, 13, 17, '2025-06-11'),
(262, 20, 17, '2025-06-11'),
(263, 32, 17, '2025-06-11'),
(264, 41, 17, '2025-06-11'),
(265, 48, 17, '2025-06-11'),
(266, 64, 17, '2025-06-11'),
(267, 67, 17, '2025-06-11'),
(268, 84, 17, '2025-06-11'),
(269, 105, 17, '2025-06-11'),
(270, 118, 17, '2025-06-11'),
(271, 119, 17, '2025-06-11'),
(272, 124, 17, '2025-06-11'),
(273, 131, 17, '2025-06-11'),
(274, 146, 17, '2025-06-11'),
(275, 168, 17, '2025-06-11'),
(276, 174, 17, '2025-06-11'),
(277, 177, 17, '2025-06-11'),
(278, 191, 17, '2025-06-11'),
(279, 13, 18, '2025-06-11'),
(280, 20, 18, '2025-06-11'),
(281, 32, 18, '2025-06-11'),
(282, 41, 18, '2025-06-11'),
(283, 48, 18, '2025-06-11'),
(284, 64, 18, '2025-06-11'),
(285, 67, 18, '2025-06-11'),
(286, 84, 18, '2025-06-11'),
(287, 105, 18, '2025-06-11'),
(288, 118, 18, '2025-06-11'),
(289, 119, 18, '2025-06-11'),
(290, 124, 18, '2025-06-11'),
(291, 131, 18, '2025-06-11'),
(292, 146, 18, '2025-06-11'),
(293, 168, 18, '2025-06-11'),
(294, 174, 18, '2025-06-11'),
(295, 177, 18, '2025-06-11'),
(296, 191, 18, '2025-06-11'),
(297, 13, 24, '2025-06-11'),
(298, 20, 24, '2025-06-11'),
(299, 32, 24, '2025-06-11'),
(300, 41, 24, '2025-06-11'),
(301, 48, 24, '2025-06-11'),
(302, 64, 24, '2025-06-11'),
(303, 67, 24, '2025-06-11'),
(304, 84, 24, '2025-06-11'),
(305, 105, 24, '2025-06-11'),
(306, 118, 24, '2025-06-11'),
(307, 119, 24, '2025-06-11'),
(308, 124, 24, '2025-06-11'),
(309, 131, 24, '2025-06-11'),
(310, 146, 24, '2025-06-11'),
(311, 168, 24, '2025-06-11'),
(312, 174, 24, '2025-06-11'),
(313, 177, 24, '2025-06-11'),
(314, 191, 24, '2025-06-11'),
(315, 6, 4, '2025-06-11'),
(316, 38, 4, '2025-06-11'),
(317, 45, 4, '2025-06-11'),
(318, 53, 4, '2025-06-11'),
(319, 101, 4, '2025-06-11'),
(320, 113, 4, '2025-06-11'),
(321, 120, 4, '2025-06-11'),
(322, 121, 4, '2025-06-11'),
(323, 134, 4, '2025-06-11'),
(324, 159, 4, '2025-06-11'),
(325, 193, 4, '2025-06-11'),
(326, 6, 9, '2025-06-11'),
(327, 38, 9, '2025-06-11'),
(328, 45, 9, '2025-06-11'),
(329, 53, 9, '2025-06-11'),
(330, 101, 9, '2025-06-11'),
(331, 113, 9, '2025-06-11'),
(332, 120, 9, '2025-06-11'),
(333, 121, 9, '2025-06-11'),
(334, 134, 9, '2025-06-11'),
(335, 159, 9, '2025-06-11'),
(336, 193, 9, '2025-06-11'),
(337, 6, 19, '2025-06-11'),
(338, 38, 19, '2025-06-11'),
(339, 45, 19, '2025-06-11'),
(340, 53, 19, '2025-06-11'),
(341, 101, 19, '2025-06-11'),
(342, 113, 19, '2025-06-11'),
(343, 120, 19, '2025-06-11'),
(344, 121, 19, '2025-06-11'),
(345, 134, 19, '2025-06-11'),
(346, 159, 19, '2025-06-11'),
(347, 193, 19, '2025-06-11'),
(348, 6, 22, '2025-06-11'),
(349, 38, 22, '2025-06-11'),
(350, 45, 22, '2025-06-11'),
(351, 53, 22, '2025-06-11'),
(352, 101, 22, '2025-06-11'),
(353, 113, 22, '2025-06-11'),
(354, 120, 22, '2025-06-11'),
(355, 121, 22, '2025-06-11'),
(356, 134, 22, '2025-06-11'),
(357, 159, 22, '2025-06-11'),
(358, 193, 22, '2025-06-11'),
(359, 2, 11, '2025-06-11'),
(360, 94, 11, '2025-06-11'),
(361, 133, 11, '2025-06-11'),
(362, 143, 11, '2025-06-11'),
(363, 165, 11, '2025-06-11'),
(364, 200, 11, '2025-06-11'),
(365, 2, 12, '2025-06-11'),
(366, 94, 12, '2025-06-11'),
(367, 133, 12, '2025-06-11'),
(368, 143, 12, '2025-06-11'),
(369, 165, 12, '2025-06-11'),
(370, 200, 12, '2025-06-11'),
(371, 2, 21, '2025-06-11'),
(372, 94, 21, '2025-06-11'),
(373, 133, 21, '2025-06-11'),
(374, 143, 21, '2025-06-11'),
(375, 165, 21, '2025-06-11'),
(376, 200, 21, '2025-06-11'),
(377, 2, 23, '2025-06-11'),
(378, 94, 23, '2025-06-11'),
(379, 133, 23, '2025-06-11'),
(380, 143, 23, '2025-06-11'),
(381, 165, 23, '2025-06-11'),
(382, 200, 23, '2025-06-11');

-- --------------------------------------------------------

--
-- Estructura de tabla para la tabla `profesores`
--

CREATE TABLE `profesores` (
  `id` int(11) NOT NULL,
  `usuario_id` int(11) NOT NULL,
  `cedula` varchar(20) NOT NULL,
  `fecha_nacimiento` date NOT NULL,
  `departamento` varchar(100) NOT NULL,
  `cargo` varchar(100) NOT NULL,
  `fecha_inicio` date NOT NULL,
  `tipo_contrato` varchar(50) NOT NULL,
  `codigo_empleado` varchar(50) DEFAULT NULL,
  `titulo_academico` varchar(150) DEFAULT NULL,
  `universidad` varchar(150) DEFAULT NULL,
  `especializacion` varchar(150) DEFAULT NULL,
  `anio_graduacion` year(4) DEFAULT NULL,
  `otros_titulos` text DEFAULT NULL,
  `direccion` varchar(255) NOT NULL,
  `formacion_academica` text NOT NULL,
  `foto_perfil` varchar(255) DEFAULT NULL,
  `enviar_credenciales` tinyint(1) NOT NULL DEFAULT 1,
  `especialidad` varchar(100) DEFAULT NULL,
  `telefono` varchar(20) DEFAULT NULL
) ENGINE=InnoDB DEFAULT CHARSET=utf8mb4 COLLATE=utf8mb4_general_ci;

--
-- Volcado de datos para la tabla `profesores`
--

INSERT INTO `profesores` (`id`, `usuario_id`, `cedula`, `fecha_nacimiento`, `departamento`, `cargo`, `fecha_inicio`, `tipo_contrato`, `codigo_empleado`, `titulo_academico`, `universidad`, `especializacion`, `anio_graduacion`, `otros_titulos`, `direccion`, `formacion_academica`, `foto_perfil`, `enviar_credenciales`, `especialidad`, `telefono`) VALUES
(1, 9, '0108956324', '1987-01-06', 'BACHILLERATO', 'Profesora a cargo', '2025-06-11', 'Tiempo Completo', NULL, NULL, NULL, NULL, NULL, NULL, 'Bolivia', 'Magister', 'https://i.pravatar.cc/150?img=1', 0, NULL, '0979098993'),
(2, 210, '2448571 LP', '1963-04-18', 'Ciencias Sociales', 'Profesor Titular', '2003-11-11', 'Medio Tiempo', NULL, NULL, NULL, NULL, NULL, NULL, 'Avenida Principal #696, Zona Norte', 'Licenciado en Artes', 'https://i.pravatar.cc/150?img=2', 1, NULL, '64897204'),
(3, 211, '2146829 LP', '1982-03-04', 'Idiomas', 'Profesor Titular', '2008-08-27', 'Temporal', NULL, NULL, NULL, NULL, NULL, NULL, 'Avenida Principal #745, Zona Sur', 'Licenciado en Artes', 'https://i.pravatar.cc/150?img=51', 1, NULL, '64726036'),
(4, 212, '4469006 LP', '1969-11-22', 'Artes y Deportes', 'Profesor Auxiliar', '2012-07-20', 'Medio Tiempo', NULL, NULL, NULL, NULL, NULL, NULL, 'Avenida Principal #238, Zona Central', 'Magíster en Pedagogía', 'https://i.pravatar.cc/150?img=3', 1, NULL, '66240162'),
(5, 213, '6171400 LP', '1965-04-03', 'Ciencias Exactas', 'Coordinador de Nivel', '2000-02-27', 'Tiempo Completo', NULL, NULL, NULL, NULL, NULL, NULL, 'Avenida Principal #421, Zona Norte', 'Magíster en Pedagogía', 'https://i.pravatar.cc/150?img=4', 1, NULL, '63695537'),
(6, 214, '9870108 LP', '1975-02-13', 'Artes y Deportes', 'Profesor Auxiliar', '2012-09-10', 'Temporal', NULL, NULL, NULL, NULL, NULL, NULL, 'Avenida Principal #473, Zona Norte', 'Doctor en Ciencias', 'https://i.pravatar.cc/150?img=5', 1, NULL, '64485670'),
(7, 215, '9361642 LP', '1982-07-25', 'Ciencias Sociales', 'Coordinador de Nivel', '2007-07-03', 'Temporal', NULL, NULL, NULL, NULL, NULL, NULL, 'Avenida Principal #659, Zona Sur', 'Ingeniero de Sistemas', 'https://i.pravatar.cc/150?img=6', 1, NULL, '64295473'),
(8, 216, '4120504 LP', '1969-07-12', 'Ciencias Sociales', 'Profesor Titular', '2004-10-20', 'Por Horas', NULL, NULL, NULL, NULL, NULL, NULL, 'Avenida Principal #533, Zona Central', 'Doctor en Ciencias', 'https://i.pravatar.cc/150?img=7', 1, NULL, '64532430'),
(9, 217, '3891214 LP', '1990-06-08', 'Humanidades y Letras', 'Profesor Titular', '2020-02-18', 'Temporal', NULL, NULL, NULL, NULL, NULL, NULL, 'Avenida Principal #653, Zona Sur', 'Licenciado en Artes', 'https://i.pravatar.cc/150?img=8', 1, NULL, '65714722'),
(10, 218, '9068270 LP', '1973-02-06', 'Idiomas', 'Jefe de Departamento', '2002-09-06', 'Medio Tiempo', NULL, NULL, NULL, NULL, NULL, NULL, 'Avenida Principal #695, Zona Norte', 'Licenciado en Artes', 'https://i.pravatar.cc/150?img=52', 1, NULL, '65320262'),
(11, 219, '4558788 LP', '1964-07-27', 'Artes y Deportes', 'Jefe de Departamento', '2022-04-18', 'Medio Tiempo', NULL, NULL, NULL, NULL, NULL, NULL, 'Avenida Principal #376, Zona Norte', 'Ingeniero de Sistemas', 'https://i.pravatar.cc/150?img=9', 1, NULL, '65623716'),
(12, 220, '6721447 LP', '1989-09-16', 'Humanidades y Letras', 'Profesor Auxiliar', '2015-03-16', 'Tiempo Completo', NULL, NULL, NULL, NULL, NULL, NULL, 'Avenida Principal #466, Zona Norte', 'Magíster en Pedagogía', 'https://i.pravatar.cc/150?img=10', 1, NULL, '63772835'),
(13, 221, '2087306 LP', '1960-12-20', 'Humanidades y Letras', 'Coordinador de Nivel', '2005-09-21', 'Por Horas', NULL, NULL, NULL, NULL, NULL, NULL, 'Avenida Principal #868, Zona Sur', 'Licenciado en Educación', 'https://i.pravatar.cc/150?img=53', 1, NULL, '62955724'),
(14, 222, '6101357 LP', '1978-08-15', 'Ciencias Exactas', 'Profesor Auxiliar', '2014-08-21', 'Tiempo Completo', NULL, NULL, NULL, NULL, NULL, NULL, 'Avenida Principal #825, Zona Sur', 'Licenciado en Educación', 'https://i.pravatar.cc/150?img=54', 1, NULL, '69648847'),
(15, 223, '4385613 LP', '1981-05-28', 'Ciencias Sociales', 'Profesor Titular', '2000-01-15', 'Por Horas', NULL, NULL, NULL, NULL, NULL, NULL, 'Avenida Principal #938, Zona Sur', 'Ingeniero de Sistemas', 'https://i.pravatar.cc/150?img=55', 1, NULL, '68758256'),
(16, 224, '5936375 LP', '1962-08-27', 'Idiomas', 'Coordinador de Nivel', '2019-11-28', 'Tiempo Completo', NULL, NULL, NULL, NULL, NULL, NULL, 'Avenida Principal #790, Zona Norte', 'Magíster en Pedagogía', 'https://i.pravatar.cc/150?img=11', 1, NULL, '68711670'),
(17, 225, '2682898 LP', '1984-11-04', 'Humanidades y Letras', 'Jefe de Departamento', '2012-06-09', 'Temporal', NULL, NULL, NULL, NULL, NULL, NULL, 'Avenida Principal #334, Zona Sur', 'Licenciado en Artes', 'https://i.pravatar.cc/150?img=56', 1, NULL, '61055474'),
(18, 226, '4024547 LP', '1973-08-05', 'Artes y Deportes', 'Profesor Titular', '2014-07-25', 'Tiempo Completo', NULL, NULL, NULL, NULL, NULL, NULL, 'Avenida Principal #858, Zona Central', 'Doctor en Ciencias', 'https://i.pravatar.cc/150?img=57', 1, NULL, '62520320'),
(19, 227, '9332149 LP', '1994-10-06', 'Idiomas', 'Profesor Titular', '2007-02-10', 'Tiempo Completo', NULL, NULL, NULL, NULL, NULL, NULL, 'Avenida Principal #754, Zona Central', 'Magíster en Pedagogía', 'https://i.pravatar.cc/150?img=12', 1, NULL, '67503835'),
(20, 228, '6603527 LP', '1991-08-06', 'Ciencias Sociales', 'Jefe de Departamento', '2017-02-22', 'Temporal', NULL, NULL, NULL, NULL, NULL, NULL, 'Avenida Principal #740, Zona Norte', 'Licenciado en Educación', 'https://i.pravatar.cc/150?img=58', 1, NULL, '63354928'),
(21, 229, '2124315 LP', '1978-12-06', 'Ciencias Sociales', 'Jefe de Departamento', '2010-04-12', 'Tiempo Completo', NULL, NULL, NULL, NULL, NULL, NULL, 'Avenida Principal #299, Zona Central', 'Licenciado en Educación', 'https://i.pravatar.cc/150?img=59', 1, NULL, '66386797'),
(22, 230, '2981399 LP', '1986-06-14', 'Idiomas', 'Jefe de Departamento', '2000-09-05', 'Por Horas', NULL, NULL, NULL, NULL, NULL, NULL, 'Avenida Principal #784, Zona Sur', 'Magíster en Pedagogía', 'https://i.pravatar.cc/150?img=60', 1, NULL, '62304765'),
(23, 231, '1153136 LP', '1987-07-22', 'Ciencias Exactas', 'Coordinador de Nivel', '2020-12-14', 'Por Horas', NULL, NULL, NULL, NULL, NULL, NULL, 'Avenida Principal #441, Zona Norte', 'Licenciado en Artes', 'https://i.pravatar.cc/150?img=13', 1, NULL, '69802118'),
(24, 232, '5718897 LP', '1994-06-27', 'Humanidades y Letras', 'Profesor Titular', '2010-02-01', 'Por Horas', NULL, NULL, NULL, NULL, NULL, NULL, 'Avenida Principal #409, Zona Norte', 'Magíster en Pedagogía', 'https://i.pravatar.cc/150?img=14', 1, NULL, '63542798'),
(25, 233, '1757636 LP', '1993-08-26', 'Idiomas', 'Jefe de Departamento', '2005-09-14', 'Temporal', NULL, NULL, NULL, NULL, NULL, NULL, 'Avenida Principal #644, Zona Norte', 'Ingeniero de Sistemas', 'https://i.pravatar.cc/150?img=15', 1, NULL, '64389308'),
(26, 234, '2072482 LP', '1961-11-01', 'Idiomas', 'Profesor Titular', '2004-08-23', 'Tiempo Completo', NULL, NULL, NULL, NULL, NULL, NULL, 'Avenida Principal #818, Zona Central', 'Ingeniero de Sistemas', 'https://i.pravatar.cc/150?img=16', 1, NULL, '69194937'),
(27, 235, '7145050 LP', '1976-02-15', 'Ciencias Exactas', 'Jefe de Departamento', '2013-01-01', 'Temporal', NULL, NULL, NULL, NULL, NULL, NULL, 'Avenida Principal #487, Zona Sur', 'Licenciado en Educación', 'https://i.pravatar.cc/150?img=61', 1, NULL, '61822848'),
(28, 236, '6941362 LP', '1971-09-18', 'Ciencias Exactas', 'Profesor Auxiliar', '2020-02-26', 'Medio Tiempo', NULL, NULL, NULL, NULL, NULL, NULL, 'Avenida Principal #503, Zona Central', 'Licenciado en Educación', 'https://i.pravatar.cc/150?img=17', 1, NULL, '69572783'),
(29, 237, '3157275 LP', '1990-07-02', 'Ciencias Sociales', 'Profesor Titular', '2020-07-12', 'Tiempo Completo', NULL, NULL, NULL, NULL, NULL, NULL, 'Avenida Principal #448, Zona Sur', 'Doctor en Ciencias', 'https://i.pravatar.cc/150?img=18', 1, NULL, '64023150'),
(30, 238, '1738581 LP', '1994-05-04', 'Ciencias Sociales', 'Coordinador de Nivel', '2009-08-23', 'Tiempo Completo', NULL, NULL, NULL, NULL, NULL, NULL, 'Avenida Principal #181, Zona Central', 'Doctor en Ciencias', 'https://i.pravatar.cc/150?img=62', 1, NULL, '61302096'),
(31, 239, '3094174 LP', '1971-01-22', 'Humanidades y Letras', 'Jefe de Departamento', '2017-10-16', 'Temporal', NULL, NULL, NULL, NULL, NULL, NULL, 'Avenida Principal #266, Zona Sur', 'Doctor en Ciencias', 'https://i.pravatar.cc/150?img=19', 1, NULL, '61293294'),
(32, 240, '2375360 LP', '1977-06-11', 'Idiomas', 'Coordinador de Nivel', '2002-06-19', 'Por Horas', NULL, NULL, NULL, NULL, NULL, NULL, 'Avenida Principal #273, Zona Norte', 'Licenciado en Educación', 'https://i.pravatar.cc/150?img=63', 1, NULL, '63776954'),
(33, 241, '3540405 LP', '1971-01-19', 'Ciencias Exactas', 'Profesor Titular', '2002-04-02', 'Medio Tiempo', NULL, NULL, NULL, NULL, NULL, NULL, 'Avenida Principal #173, Zona Norte', 'Magíster en Pedagogía', 'https://i.pravatar.cc/150?img=20', 1, NULL, '64764979'),
(34, 242, '9310992 LP', '1991-10-26', 'Ciencias Exactas', 'Profesor Titular', '2012-06-22', 'Temporal', NULL, NULL, NULL, NULL, NULL, NULL, 'Avenida Principal #570, Zona Central', 'Licenciado en Educación', 'https://i.pravatar.cc/150?img=21', 1, NULL, '61835100'),
(35, 243, '3125747 LP', '1960-03-01', 'Ciencias Sociales', 'Profesor Titular', '2002-12-21', 'Tiempo Completo', NULL, NULL, NULL, NULL, NULL, NULL, 'Avenida Principal #990, Zona Central', 'Magíster en Pedagogía', 'https://i.pravatar.cc/150?img=64', 1, NULL, '61002103'),
(36, 244, '1021007 LP', '1992-05-11', 'Ciencias Sociales', 'Profesor Auxiliar', '2015-12-05', 'Por Horas', NULL, NULL, NULL, NULL, NULL, NULL, 'Avenida Principal #108, Zona Norte', 'Licenciado en Artes', 'https://i.pravatar.cc/150?img=65', 1, NULL, '66732321'),
(37, 245, '9366261 LP', '1978-08-12', 'Idiomas', 'Profesor Titular', '2021-10-24', 'Por Horas', NULL, NULL, NULL, NULL, NULL, NULL, 'Avenida Principal #653, Zona Norte', 'Doctor en Ciencias', 'https://i.pravatar.cc/150?img=22', 1, NULL, '63835071'),
(38, 246, '8025024 LP', '1985-09-09', 'Ciencias Sociales', 'Jefe de Departamento', '2003-09-24', 'Tiempo Completo', NULL, NULL, NULL, NULL, NULL, NULL, 'Avenida Principal #490, Zona Sur', 'Licenciado en Educación', 'https://i.pravatar.cc/150?img=23', 1, NULL, '65350084'),
(39, 247, '5732133 LP', '1966-03-18', 'Artes y Deportes', 'Jefe de Departamento', '2021-08-03', 'Temporal', NULL, NULL, NULL, NULL, NULL, NULL, 'Avenida Principal #970, Zona Central', 'Licenciado en Artes', 'https://i.pravatar.cc/150?img=66', 1, NULL, '69398797'),
(40, 248, '8682528 LP', '1967-10-14', 'Idiomas', 'Coordinador de Nivel', '2015-03-20', 'Tiempo Completo', NULL, NULL, NULL, NULL, NULL, NULL, 'Avenida Principal #546, Zona Sur', 'Licenciado en Educación', 'https://i.pravatar.cc/150?img=67', 1, NULL, '61890401'),
(41, 249, '6943686 LP', '1995-08-17', 'Idiomas', 'Coordinador de Nivel', '2003-11-26', 'Por Horas', NULL, NULL, NULL, NULL, NULL, NULL, 'Avenida Principal #195, Zona Sur', 'Licenciado en Artes', 'https://i.pravatar.cc/150?img=68', 1, NULL, '62678294'),
(42, 250, '7223515 LP', '1978-02-10', 'Idiomas', 'Profesor Titular', '2009-12-19', 'Tiempo Completo', NULL, NULL, NULL, NULL, NULL, NULL, 'Avenida Principal #682, Zona Sur', 'Doctor en Ciencias', 'https://i.pravatar.cc/150?img=69', 1, NULL, '64123400'),
(43, 251, '2690354 LP', '1992-02-12', 'Artes y Deportes', 'Coordinador de Nivel', '2016-10-13', 'Temporal', NULL, NULL, NULL, NULL, NULL, NULL, 'Avenida Principal #351, Zona Norte', 'Licenciado en Artes', 'https://i.pravatar.cc/150?img=24', 1, NULL, '66408178'),
(44, 252, '8164332 LP', '1992-09-25', 'Ciencias Exactas', 'Profesor Titular', '2020-02-25', 'Tiempo Completo', NULL, NULL, NULL, NULL, NULL, NULL, 'Avenida Principal #215, Zona Central', 'Ingeniero de Sistemas', 'https://i.pravatar.cc/150?img=25', 1, NULL, '64835382'),
(45, 253, '2683304 LP', '1977-12-04', 'Ciencias Exactas', 'Coordinador de Nivel', '2013-07-26', 'Por Horas', NULL, NULL, NULL, NULL, NULL, NULL, 'Avenida Principal #119, Zona Norte', 'Doctor en Ciencias', 'https://i.pravatar.cc/150?img=70', 1, NULL, '67854907'),
(46, 254, '9678149 LP', '1982-02-25', 'Artes y Deportes', 'Profesor Auxiliar', '2015-01-01', 'Temporal', NULL, NULL, NULL, NULL, NULL, NULL, 'Avenida Principal #643, Zona Sur', 'Licenciado en Educación', 'https://i.pravatar.cc/150?img=30', 1, NULL, '65372453'),
(47, 255, '4136658 LP', '1979-07-14', 'Ciencias Sociales', 'Jefe de Departamento', '2020-08-24', 'Tiempo Completo', NULL, NULL, NULL, NULL, NULL, NULL, 'Avenida Principal #671, Zona Sur', 'Ingeniero de Sistemas', 'https://i.pravatar.cc/150?img=26', 1, NULL, '65195780'),
(48, 256, '5347838 LP', '1961-04-03', 'Ciencias Exactas', 'Profesor Titular', '2015-10-22', 'Medio Tiempo', NULL, NULL, NULL, NULL, NULL, NULL, 'Avenida Principal #222, Zona Norte', 'Ingeniero de Sistemas', 'https://i.pravatar.cc/150?img=31', 1, NULL, '64373318'),
(49, 257, '2671532 LP', '1990-05-03', 'Ciencias Sociales', 'Profesor Auxiliar', '2021-02-05', 'Tiempo Completo', NULL, NULL, NULL, NULL, NULL, NULL, 'Avenida Principal #581, Zona Sur', 'Magíster en Pedagogía', 'https://i.pravatar.cc/150?img=27', 1, NULL, '66740908'),
(50, 258, '2804275 LP', '1985-02-15', 'Idiomas', 'Jefe de Departamento', '2017-11-17', 'Por Horas', NULL, NULL, NULL, NULL, NULL, NULL, 'Avenida Principal #784, Zona Central', 'Ingeniero de Sistemas', 'https://i.pravatar.cc/150?img=32', 1, NULL, '62861554'),
(51, 259, '3333834 LP', '1989-01-07', 'Ciencias Exactas', 'Jefe de Departamento', '2016-02-19', 'Temporal', NULL, NULL, NULL, NULL, NULL, NULL, 'Avenida Principal #675, Zona Norte', 'Ingeniero de Sistemas', 'https://i.pravatar.cc/150?img=33', 1, NULL, '66441065');

-- --------------------------------------------------------

--
-- Estructura de tabla para la tabla `profesor_materias`
--

CREATE TABLE `profesor_materias` (
  `id` int(11) NOT NULL,
  `profesor_id` int(11) NOT NULL,
  `materia_id` int(11) NOT NULL
) ENGINE=InnoDB DEFAULT CHARSET=utf8mb4 COLLATE=utf8mb4_general_ci;

--
-- Volcado de datos para la tabla `profesor_materias`
--

INSERT INTO `profesor_materias` (`id`, `profesor_id`, `materia_id`) VALUES
(1, 1, 3),
(3, 2, 4),
(4, 2, 10),
(2, 2, 14),
(5, 3, 6),
(6, 4, 2),
(7, 4, 7),
(9, 5, 6),
(8, 5, 11),
(11, 6, 5),
(10, 6, 10),
(13, 7, 1),
(12, 7, 12),
(15, 8, 3),
(14, 8, 5),
(18, 9, 3),
(17, 9, 6),
(16, 9, 15),
(20, 10, 3),
(19, 10, 5),
(21, 11, 2),
(22, 11, 11),
(23, 11, 16),
(24, 12, 4),
(26, 12, 5),
(25, 12, 6),
(27, 13, 14),
(29, 14, 7),
(28, 14, 14),
(31, 15, 3),
(30, 15, 10),
(32, 16, 11),
(35, 17, 2),
(34, 17, 4),
(33, 17, 14),
(37, 18, 1),
(36, 18, 12),
(39, 19, 2),
(38, 19, 9),
(40, 19, 11),
(41, 20, 7),
(42, 21, 4),
(45, 22, 1),
(43, 22, 2),
(44, 22, 10),
(47, 23, 3),
(46, 23, 10),
(49, 24, 1),
(48, 24, 12),
(50, 24, 13),
(51, 25, 11),
(52, 26, 11),
(54, 27, 2),
(53, 27, 12),
(55, 28, 9),
(56, 28, 10),
(57, 28, 16),
(58, 29, 2),
(59, 29, 10),
(61, 30, 8),
(60, 30, 14),
(62, 30, 16),
(64, 31, 9),
(65, 31, 12),
(63, 31, 14),
(66, 32, 3),
(68, 33, 6),
(67, 33, 10),
(69, 33, 13),
(71, 34, 7),
(70, 34, 12),
(74, 35, 5),
(72, 35, 7),
(73, 35, 10),
(77, 36, 6),
(75, 36, 9),
(76, 36, 15),
(78, 37, 2),
(80, 37, 8),
(79, 37, 11),
(82, 38, 10),
(81, 38, 14),
(83, 39, 13),
(84, 39, 16),
(85, 40, 9),
(86, 40, 13),
(87, 40, 16),
(88, 41, 9),
(90, 42, 11),
(89, 42, 12),
(91, 42, 15),
(93, 43, 1),
(92, 43, 10),
(95, 44, 1),
(96, 44, 3),
(94, 44, 14),
(98, 45, 5),
(97, 45, 9),
(99, 46, 11),
(100, 47, 12),
(103, 48, 1),
(102, 48, 11),
(101, 48, 14),
(104, 49, 4),
(106, 49, 7),
(105, 49, 9),
(108, 50, 6),
(107, 50, 12),
(109, 50, 16),
(110, 51, 9),
(111, 51, 13);

-- --------------------------------------------------------

--
-- Estructura de tabla para la tabla `roles`
--

CREATE TABLE `roles` (
  `id` int(11) NOT NULL,
  `nombre` varchar(50) NOT NULL
) ENGINE=InnoDB DEFAULT CHARSET=utf8mb4 COLLATE=utf8mb4_general_ci;

--
-- Volcado de datos para la tabla `roles`
--

INSERT INTO `roles` (`id`, `nombre`) VALUES
(1, 'Director'),
(3, 'Estudiante'),
(2, 'Profesor');

-- --------------------------------------------------------

--
-- Estructura de tabla para la tabla `tareas`
--

CREATE TABLE `tareas` (
  `id` int(11) NOT NULL,
  `curso_id` int(11) NOT NULL,
  `titulo` varchar(150) NOT NULL,
  `descripcion` text DEFAULT NULL,
  `instrucciones` text DEFAULT NULL,
  `recursos` text DEFAULT NULL,
  `puntaje_maximo` int(11) NOT NULL,
  `tipo_entrega` enum('Archivo','Texto en línea','Ambos') NOT NULL DEFAULT 'Archivo',
  `notificar_estudiantes` tinyint(1) NOT NULL DEFAULT 1,
  `tipo` varchar(50) NOT NULL,
  `ponderacion` int(11) NOT NULL,
  `fecha_asignacion` date NOT NULL,
  `fecha_entrega` date NOT NULL,
  `fecha_creacion` datetime NOT NULL DEFAULT current_timestamp()
) ENGINE=InnoDB DEFAULT CHARSET=utf8mb4 COLLATE=utf8mb4_general_ci;

-- --------------------------------------------------------

--
-- Estructura de tabla para la tabla `tarea_adjuntos`
--

CREATE TABLE `tarea_adjuntos` (
  `id` int(11) NOT NULL,
  `tarea_id` int(11) NOT NULL,
  `filename` varchar(255) NOT NULL,
  `filepath` varchar(255) NOT NULL,
  `uploaded_at` datetime NOT NULL DEFAULT current_timestamp()
) ENGINE=InnoDB DEFAULT CHARSET=utf8mb4 COLLATE=utf8mb4_general_ci;

-- --------------------------------------------------------

--
-- Estructura de tabla para la tabla `tarea_entregas`
--

CREATE TABLE `tarea_entregas` (
  `id` int(11) NOT NULL,
  `tarea_id` int(11) NOT NULL,
  `matricula_id` int(11) NOT NULL,
  `comentario` text DEFAULT NULL,
  `file_path` varchar(255) DEFAULT NULL,
  `fecha_envio` datetime NOT NULL DEFAULT current_timestamp()
) ENGINE=InnoDB DEFAULT CHARSET=utf8mb4 COLLATE=utf8mb4_general_ci;

-- --------------------------------------------------------

--
-- Estructura de tabla para la tabla `usuarios`
--

CREATE TABLE `usuarios` (
  `id` int(11) NOT NULL,
  `nombre` varchar(100) NOT NULL,
  `apellido` varchar(100) NOT NULL,
  `email` varchar(150) NOT NULL,
  `password` varchar(255) NOT NULL,
  `role_id` int(11) NOT NULL,
  `fecha_creacion` datetime NOT NULL DEFAULT current_timestamp()
) ENGINE=InnoDB DEFAULT CHARSET=utf8mb4 COLLATE=utf8mb4_general_ci;

--
-- Volcado de datos para la tabla `usuarios`
--

INSERT INTO `usuarios` (`id`, `nombre`, `apellido`, `email`, `password`, `role_id`, `fecha_creacion`) VALUES
(3, 'Pamela', 'Riofrio', 'pame@gmail.com', '$2y$10$QaN/g3aequoNuSFzN3hNXuEcvSjZcbEg43DtwxdB.e7wDUYEg0WvK', 1, '2025-06-09 20:45:57'),
(4, 'Jose', 'Vargas', 'jose@gmail.com', '$2y$10$/9laHxqLHG39UG7oCw7V8u/JRTAuqntnXegwdgy2fOwHDcgzK5Sna', 2, '2025-06-09 20:53:57'),
(5, 'Andrea', 'Cherrez', 'andrea@gmail.com', '$2y$10$uW.gG5hixiYjirv/8FIDxOYcGkJn8g3NRUyGhgOFPNN92v4sU/TH2', 3, '2025-06-09 20:55:01'),
(9, 'Sofia', 'Castro', 'sofia@gmail.com', '$2y$10$yeqxCTR2Y.ex0wW5kTB4NupxPuOtKWJ2jUh4ChHNTTTMNpa.1qa2C', 2, '2025-06-09 23:22:51'),
(10, 'Diego', 'González', 'diego.gonzález1@educa.edu.bo', '$2y$10$KfNMfg9ra7TiBTdJqcMgr.ssCG3knRUXc4XmDH7TDDmFDvN31t8ue', 3, '2025-06-11 10:33:58'),
(11, 'Marta', 'López', 'marta.lópez2@educa.edu.bo', '$2y$10$UriBOUAFEOMKuIBUOHRNnu24qsC7d6h6oVPP4sJTEov8F57uBdxtG', 3, '2025-06-11 10:33:58'),
(12, 'David', 'Rodríguez', 'david.rodríguez3@educa.edu.bo', '$2y$10$FhM8yuo27sZef/PGaaL3HOLaMcl1dofEfXGUjIwB6OgWEvE8DEp9i', 3, '2025-06-11 10:33:58'),
(13, 'Diego', 'García', 'diego.garcía4@educa.edu.bo', '$2y$10$XH1tgsZTV4zxitaII8vTfuJiMG1QmPgErKoGe2GX1TG6fPly0oQAy', 3, '2025-06-11 10:33:58'),
(14, 'Marta', 'Jiménez', 'marta.jiménez5@educa.edu.bo', '$2y$10$R5sSpLGD5PCW57fu88MRZuJRQbDafZTWz8dUqwAd1NX4eItPmMtcm', 3, '2025-06-11 10:33:58'),
(15, 'Sergio', 'Díaz', 'sergio.díaz6@educa.edu.bo', '$2y$10$vwreFlf7EVQqs4fzyYitCekFryupb9Vypw6OJn/deesM52En.hiWe', 3, '2025-06-11 10:33:58'),
(16, 'Fernando', 'Álvarez', 'fernando.Álvarez7@educa.edu.bo', '$2y$10$V3WTuONNhD8z7GxZ4JN4y.GJGASqP/W4mV7y2BPAH1eJ9KM5bYNyu', 3, '2025-06-11 10:33:58'),
(17, 'Adrian', 'Vázquez', 'adrian.vázquez8@educa.edu.bo', '$2y$10$KZyXEKGi3Ny5NOqvXUslXus69N5/qv62CbDQ8S9Ghb3LyTVmZckcW', 3, '2025-06-11 10:33:58'),
(18, 'Ana', 'Fernández', 'ana.fernández9@educa.edu.bo', '$2y$10$UOKkXwmb86dU7.m2zFyumeZc904SqyMgbz33wPUDEaQu7lkjAEey.', 3, '2025-06-11 10:33:58'),
(19, 'Carmen', 'Domínguez', 'carmen.domínguez10@educa.edu.bo', '$2y$10$q3wpaIV2eMl/01tTyfkRZu1Oq0vfGyZ4QB.WlujEgzzpqcX.1dft6', 3, '2025-06-11 10:33:58'),
(20, 'Sergio', 'Hernández', 'sergio.hernández11@educa.edu.bo', '$2y$10$jpGTVrl5xtjyJ/Vxq482mueCY5/m6RoDonC/loHChUO0bWPyL.H/y', 3, '2025-06-11 10:33:59'),
(21, 'Lucia', 'Rodríguez', 'lucia.rodríguez12@educa.edu.bo', '$2y$10$rjc4COjNFeM1QZwWukd3seibtIV9FegcJg2bG0oUBgDFXIFkLdgqa', 3, '2025-06-11 10:33:59'),
(22, 'Isabel', 'López', 'isabel.lópez13@educa.edu.bo', '$2y$10$NeUjeL0gNAAQFxHwGXbp5Oyq634t7R/0jzj79M/xUPkipFuAjir02', 3, '2025-06-11 10:33:59'),
(23, 'Maria', 'Jiménez', 'maria.jiménez14@educa.edu.bo', '$2y$10$d5BtdGh5DLPj7E2G3vZsWu1tabmXFRH1sbIKG66IojMmX9lLwQF2O', 3, '2025-06-11 10:33:59'),
(24, 'Javier', 'Díaz', 'javier.díaz15@educa.edu.bo', '$2y$10$QYqU4sqJ9GwW/zbGHXTXi.nK6lZ1V8xK8BkjAaOdNVYpcE5cVB.gK', 3, '2025-06-11 10:33:59'),
(25, 'Fernando', 'Gutiérrez', 'fernando.gutiérrez16@educa.edu.bo', '$2y$10$sSaR8LDYn0pePCzc4V0MtOup1kdl/F.6Kv55NVua.yISJ6cPUlmBO', 3, '2025-06-11 10:33:59'),
(26, 'Lucia', 'Pérez', 'lucia.pérez17@educa.edu.bo', '$2y$10$QBi.mMrr9pWbkONtrJCfEOefD65NEU2A8oJ1o89utdRVpCFEkq3pm', 3, '2025-06-11 10:33:59'),
(27, 'Ana', 'Moreno', 'ana.moreno18@educa.edu.bo', '$2y$10$JTnkP1pMIycLDAzc8t.h8eu8giaV/v2brZtPB/wFxVQ7qP400pHnW', 3, '2025-06-11 10:33:59'),
(28, 'Maria', 'Fernández', 'maria.fernández19@educa.edu.bo', '$2y$10$YEvR1Hswh8ZU13BwnFY6wOKGBc/Og9V.8Hzu8M.gnaRfWHfFt8HOy', 3, '2025-06-11 10:33:59'),
(29, 'Fernando', 'González', 'fernando.gonzález20@educa.edu.bo', '$2y$10$IFe0M0QsOWxQxKq1b5GUX.TYDGpg2NrfONOAuPwZRrvevlSEtpv/e', 3, '2025-06-11 10:33:59'),
(30, 'Isabel', 'Martínez', 'isabel.martínez21@educa.edu.bo', '$2y$10$dDJat9jn3q.Tyk9/mcDYoucP.c1tw06G59HYWIWkLPrr8TGh.pksS', 3, '2025-06-11 10:33:59'),
(31, 'Diego', 'Alonso', 'diego.alonso22@educa.edu.bo', '$2y$10$L8bAcIBZTMStSb7V6A9OgeLrIY0RLaJs1m5SCo.JM7GJB7KjXx5cW', 3, '2025-06-11 10:34:00'),
(32, 'Elena', 'Gutiérrez', 'elena.gutiérrez23@educa.edu.bo', '$2y$10$i2DZBgd8PKrDjsL90oBieeHDK/p419pMuLarrDbEzEVPcQfPI7PFi', 3, '2025-06-11 10:34:00'),
(33, 'Sergio', 'Ruiz', 'sergio.ruiz24@educa.edu.bo', '$2y$10$FHwj1ZzuhGkYh9RLZMkSPebugIUjvTO7ZjmSs.oMdjJmooQYtHzNy', 3, '2025-06-11 10:34:00'),
(34, 'Marta', 'Martín', 'marta.martín25@educa.edu.bo', '$2y$10$2ntFsUXib5qayFyPypAT7e7TtwSN.qOG1d84i5avNiSkW1oyiEbgq', 3, '2025-06-11 10:34:00'),
(35, 'Miguel', 'Gómez', 'miguel.gómez26@educa.edu.bo', '$2y$10$Rhxtem6weL6/ngPOQUOKTeMm.GSDO21mh3IgInIGgJR97NSNyh1hm', 3, '2025-06-11 10:34:00'),
(36, 'Sofia', 'García', 'sofia.garcía27@educa.edu.bo', '$2y$10$JO4FSCmT2w7YDEGjpYIG1uV4WiI5tJszzAWzOdMSSlAG4se1/hESy', 3, '2025-06-11 10:34:00'),
(37, 'Lucia', 'Navarro', 'lucia.navarro28@educa.edu.bo', '$2y$10$o7HgZ5f8iBkwADT0GVwjVOHZOlvf/KYJCXfZbKieOSyipuwMYlKmu', 3, '2025-06-11 10:34:00'),
(38, 'Carmen', 'García', 'carmen.garcía29@educa.edu.bo', '$2y$10$pGPMR35TSbhvWceiXjD0auQguc/TXb6ryuiCuEHgQg48eEVZBmZ7a', 3, '2025-06-11 10:34:00'),
(39, 'Daniel', 'Díaz', 'daniel.díaz30@educa.edu.bo', '$2y$10$rZ770XO./3xjjs213PTG9On1ltbmo9w1QutCDOHv1JexuRXAO0P2y', 3, '2025-06-11 10:34:00'),
(40, 'Patricia', 'López', 'patricia.lópez31@educa.edu.bo', '$2y$10$Ki7Ol1OoJL9ZE7jlFpT46uQcHJ6nNENX2VFXToTco2lPM2EE/EVDO', 3, '2025-06-11 10:34:00'),
(41, 'Javier', 'Hernández', 'javier.hernández32@educa.edu.bo', '$2y$10$RTbjp7r6tuX.KXuS9iHSgubzGMaj9gXnqVtA.fqY/bo2slg3xvLYW', 3, '2025-06-11 10:34:01'),
(42, 'Miguel', 'Gómez', 'miguel.gómez33@educa.edu.bo', '$2y$10$P6d5DFR2Ym1chggSE7k6G.0d57ULGxheB0MBPUeC2euY7Ji37hM0y', 3, '2025-06-11 10:34:01'),
(43, 'Isabel', 'Vázquez', 'isabel.vázquez34@educa.edu.bo', '$2y$10$jiuV/sYbyaE/zGzg9erUcuvxsr.wEXXnM9oGFxBg0UB9K5r15CQv2', 3, '2025-06-11 10:34:01'),
(44, 'Andrea', 'Torres', 'andrea.torres35@educa.edu.bo', '$2y$10$E.lQWMlix2GgJl5cDkK/b.o9IgxmDTBy9dae/P.tr4DP/Lr9QEvY2', 3, '2025-06-11 10:34:01'),
(45, 'Fernando', 'Vázquez', 'fernando.vázquez36@educa.edu.bo', '$2y$10$LlEYDTZE7/B3Uym5sDnK7.uw.zZE5Q6PifaBX1gLG4.hhXwJ7L/Qu', 3, '2025-06-11 10:34:01'),
(46, 'Luis', 'Jiménez', 'luis.jiménez37@educa.edu.bo', '$2y$10$NzJbOBXT15qKI8G63OVlOO/a3S2UCZ.uPfFdPrk3dV7nfhe7aWNsa', 3, '2025-06-11 10:34:01'),
(47, 'Miguel', 'Navarro', 'miguel.navarro38@educa.edu.bo', '$2y$10$GUzS3Uz5rdUK/5N0uRUZOecQvrVs7BeUt7KG5zPj/2GsySHSPjkj6', 3, '2025-06-11 10:34:01'),
(48, 'Javier', 'Jiménez', 'javier.jiménez39@educa.edu.bo', '$2y$10$2xopPSOiE18LxlSjboZr6ei0SNHam.wy.MC7fwLecUx3MesjxlAb6', 3, '2025-06-11 10:34:01'),
(49, 'Juan', 'Díaz', 'juan.díaz40@educa.edu.bo', '$2y$10$PxHi5wydS/zzgA0ziofAlOYscEqMBrsUJ4PoclZCcqILe2fbauj3y', 3, '2025-06-11 10:34:01'),
(50, 'Ana', 'Rodríguez', 'ana.rodríguez41@educa.edu.bo', '$2y$10$.VgVNKU9U2EEWleuna1BruIPV88/5qLUczsFXdoG30XWrR6gcyI.y', 3, '2025-06-11 10:34:02'),
(51, 'Luis', 'Torres', 'luis.torres42@educa.edu.bo', '$2y$10$Ijk/q5X/m7DQzxtiYnatq.ZTtJRTTo.LM7Y0uDl0zYdHVzQ.hrRz.', 3, '2025-06-11 10:34:02'),
(52, 'Andrea', 'Navarro', 'andrea.navarro43@educa.edu.bo', '$2y$10$bHamgBTPBqsWYMAKWFoJouzaj4unglMzedRCftPZL2D7XYv3BxMxu', 3, '2025-06-11 10:34:02'),
(53, 'Javier', 'Ruiz', 'javier.ruiz44@educa.edu.bo', '$2y$10$9L7YEGK.VpsTOdynYCsd5.lq4ZYPQA2K3leLcDvZyjZaLaTeR0k2C', 3, '2025-06-11 10:34:02'),
(54, 'Diego', 'Álvarez', 'diego.Álvarez45@educa.edu.bo', '$2y$10$j2CEzvbG/0wgVHhecSdbdOfVqFkG77e7iheJ8deviOV.Guxen9kdi', 3, '2025-06-11 10:34:02'),
(55, 'Miguel', 'Romero', 'miguel.romero46@educa.edu.bo', '$2y$10$Sbm6.9pB8fcYPj3EMiY1Euj3047hD9MXlJ.4AXDpIHedUwYUWfcEG', 3, '2025-06-11 10:34:02'),
(56, 'Raquel', 'Alonso', 'raquel.alonso47@educa.edu.bo', '$2y$10$T1YDBf5pnlPMj7Z/fdv5q.D/Et3VmUvgYQgZ.Z0ss15nZpj.JwL/i', 3, '2025-06-11 10:34:02'),
(57, 'Elena', 'García', 'elena.garcía48@educa.edu.bo', '$2y$10$4HpEXcCzlmagnXZ.V9LM5.lkBJzJJe4.mqP8FMW33s.f3L4tsR0uu', 3, '2025-06-11 10:34:02'),
(58, 'Marta', 'Domínguez', 'marta.domínguez49@educa.edu.bo', '$2y$10$1w.NtWG4PJSN0sbLUMBTU.j6PLtpAnZVr3YZTfBKHbyiRDG1KBybq', 3, '2025-06-11 10:34:02'),
(59, 'Sergio', 'Rodríguez', 'sergio.rodríguez50@educa.edu.bo', '$2y$10$5mTuaH.Xamo2RoLok3f18OH8Ua15en2nuLrEvzGj7QmuBolB3MxxK', 3, '2025-06-11 10:34:02'),
(60, 'Laura', 'Pérez', 'laura.pérez51@educa.edu.bo', '$2y$10$ZQHHVh6AJrRy/zA0hC0egedZtv4L4Ygs5sbsv.0CxCU5j1uj5zbVC', 3, '2025-06-11 10:34:02'),
(61, 'Miguel', 'Moreno', 'miguel.moreno52@educa.edu.bo', '$2y$10$j52N5m71HUssT3nqZcnKteprg2d2rBXbu8BeDVvIdvvcIrCLsTZXm', 3, '2025-06-11 10:34:03'),
(62, 'David', 'Martín', 'david.martín53@educa.edu.bo', '$2y$10$bTGhypBSqDlW9RfxuYQcZ.PaYyEBS1UUV8713hF1jlqKssb/qciYi', 3, '2025-06-11 10:34:03'),
(63, 'David', 'Álvarez', 'david.Álvarez54@educa.edu.bo', '$2y$10$V3g4NLBuuYoA87K3Vk.JLeuCmkwKu5m4TwzlNLn8caha1a7.FKSzW', 3, '2025-06-11 10:34:03'),
(64, 'Luis', 'Ruiz', 'luis.ruiz55@educa.edu.bo', '$2y$10$dmhknxaZNKW/Lgo0Kz/PEuLLofXTRNIV94Rp7SQVPJlc42vbWYcnm', 3, '2025-06-11 10:34:03'),
(65, 'Miguel', 'Moreno', 'miguel.moreno56@educa.edu.bo', '$2y$10$EZuicj/mkQCsgKqHYpcPqOoou8NNmRcFqKmrRVcQGyCh0LOjkYGv6', 3, '2025-06-11 10:34:03'),
(66, 'Miguel', 'Gómez', 'miguel.gómez57@educa.edu.bo', '$2y$10$CfQyC.kYPuZQ049XE8PYCuxLadYMbWehMAPlHB/hTiVWiNRLO9XEa', 3, '2025-06-11 10:34:03'),
(67, 'Juan', 'Díaz', 'juan.díaz58@educa.edu.bo', '$2y$10$6eeOVlwgW.R57kgVczmezud/R6TlmwoHVae6g4SF5gQbI0sTHe0.C', 3, '2025-06-11 10:34:03'),
(68, 'Luis', 'Alonso', 'luis.alonso59@educa.edu.bo', '$2y$10$CU59TnmFgSzNgKM8bMaAFe1oPutwDMF2uJqgFOlCaIWXDti2i/aG6', 3, '2025-06-11 10:34:03'),
(69, 'Juan', 'García', 'juan.garcía60@educa.edu.bo', '$2y$10$Y66NCGvBswRjNkmyyTH68eQJbMyEXdFZOQhVh8OYk1Tj7nCtS4xlS', 3, '2025-06-11 10:34:03'),
(70, 'Miguel', 'Pérez', 'miguel.pérez61@educa.edu.bo', '$2y$10$j.wV7nsTMN.CzvQea0PFN.pGrGteUnmMhKLfOaoBA9O1cAVPOYdji', 3, '2025-06-11 10:34:03'),
(71, 'Patricia', 'Gutiérrez', 'patricia.gutiérrez62@educa.edu.bo', '$2y$10$Pn4ftXQjKAhxnJ8bTttIfOBjfIh0vFXcEMFvY2aJFxQaL3DKeo7ee', 3, '2025-06-11 10:34:04'),
(72, 'Patricia', 'Navarro', 'patricia.navarro63@educa.edu.bo', '$2y$10$/r7lZE0B.GumOHd6WiNcUusAG2/2sEk5K5BKZbdsYH9Gvnvw.DM8.', 3, '2025-06-11 10:34:04'),
(73, 'David', 'Navarro', 'david.navarro64@educa.edu.bo', '$2y$10$aGH9Wq56SQffY0SMUiWkHuCSJ5VJq10eHuNSPz6k.ixJXTSrxbHAy', 3, '2025-06-11 10:34:04'),
(74, 'Pablo', 'Moreno', 'pablo.moreno65@educa.edu.bo', '$2y$10$ausZjk/u8Cv3NJm3HXk1FuBKWZSVI1iu27jWA.Lf.xoCAd.AD/rLy', 3, '2025-06-11 10:34:04'),
(75, 'Isabel', 'Domínguez', 'isabel.domínguez66@educa.edu.bo', '$2y$10$yK7NN1xfyx4nruFglBthiO/6Z1RV4ZyzYbaltjW.EoY73fsx3ZrrS', 3, '2025-06-11 10:34:04'),
(76, 'Ana', 'Hernández', 'ana.hernández67@educa.edu.bo', '$2y$10$ONA7V4w9RG6UL32.X/CvY.DPxD.nLAzloSJ908aYpGfjDCoOEDEge', 3, '2025-06-11 10:34:04'),
(77, 'Fernando', 'Jiménez', 'fernando.jiménez68@educa.edu.bo', '$2y$10$wBSaQIpQnyvjXv4.MURKb.J6itA5O0gR9sIpXMWP7irCo2MS5L2kW', 3, '2025-06-11 10:34:04'),
(78, 'Luis', 'Jiménez', 'luis.jiménez69@educa.edu.bo', '$2y$10$Bqga0T67q3E.VDm1iIQvDOMA7IS1yBwr.J5nSl5eOJGSPmJPmDPNi', 3, '2025-06-11 10:34:04'),
(79, 'Fernando', 'Álvarez', 'fernando.Álvarez70@educa.edu.bo', '$2y$10$z1..bYcWDdCKQk0AXlsNaevT0BclsOeFNJ50Y84OOZ.jJhB9Ykh96', 3, '2025-06-11 10:34:04'),
(80, 'Maria', 'Martínez', 'maria.martínez71@educa.edu.bo', '$2y$10$krlnxxFgC/EpVNiE7PFuB.KFvWij2cKyh5iGPJXazhCHfQQmX.JaW', 3, '2025-06-11 10:34:04'),
(81, 'Pedro', 'Rodríguez', 'pedro.rodríguez72@educa.edu.bo', '$2y$10$IANpg0LxiAiD2fM.1Ps.G.FV9tzQVPMkoAagyiw2VDa5hzN5n7fO2', 3, '2025-06-11 10:34:04'),
(82, 'Lucia', 'Álvarez', 'lucia.Álvarez73@educa.edu.bo', '$2y$10$BtHQnfcrC4dxRwCvs8yzIeg3/wlGKjiHpfoFlmZaGNcR9Kx2FJH5q', 3, '2025-06-11 10:34:05'),
(83, 'Diego', 'Hernández', 'diego.hernández74@educa.edu.bo', '$2y$10$XHeH9zYNrVAdxdYk.wyyEuSW7lOUpnBbtrwUb6WuG5Wed6zZGA/S2', 3, '2025-06-11 10:34:05'),
(84, 'Pablo', 'Díaz', 'pablo.díaz75@educa.edu.bo', '$2y$10$Q2lHVLQgcO4t5SsZc4Ois.SoiWwp.z6a/xe2UpxXuO3GaK9BYzayG', 3, '2025-06-11 10:34:05'),
(85, 'Daniel', 'Hernández', 'daniel.hernández76@educa.edu.bo', '$2y$10$FgKFvxzwD9X1cM.vEgxwX.Yd4uF./OMkU/1REn4tMEgwXnqb09FLe', 3, '2025-06-11 10:34:05'),
(86, 'Diego', 'García', 'diego.garcía77@educa.edu.bo', '$2y$10$Wbq4VjUypu1doGPXn6LQYeschMPtCSSfS/aczAiGBIIBkA0WYaFIe', 3, '2025-06-11 10:34:05'),
(87, 'Carmen', 'Gómez', 'carmen.gómez78@educa.edu.bo', '$2y$10$zwPNS2c/9SDiXzLUbMGi2ei40UR5QAAZaJnmJeO01oLoXzJfELP4C', 3, '2025-06-11 10:34:05'),
(88, 'Isabel', 'Martínez', 'isabel.martínez79@educa.edu.bo', '$2y$10$dJxAj0gaVMoZZvH2Iu0mGeCnKrtonZEboV4lWGZ4017jjEvyzHdsC', 3, '2025-06-11 10:34:05'),
(89, 'Sergio', 'Sánchez', 'sergio.sánchez80@educa.edu.bo', '$2y$10$7eIVm/tMLFM.5X4Gihbqq.BYW3azevKQKoNnyi.Hvm9alUlUySSQ6', 3, '2025-06-11 10:34:05'),
(90, 'Raquel', 'Sánchez', 'raquel.sánchez81@educa.edu.bo', '$2y$10$j2OgvPtOjUDWtn5MH.oOPe1IMNfa5eGbT7hyp.DPRKkDj5CzPhSIS', 3, '2025-06-11 10:34:05'),
(91, 'Fernando', 'Rodríguez', 'fernando.rodríguez82@educa.edu.bo', '$2y$10$7pShIdSTK3ujtjVpHiMr7O24OTfvbl5LB9YZClTuJM/3Ja2bzBsXG', 3, '2025-06-11 10:34:05'),
(92, 'Javier', 'Jiménez', 'javier.jiménez83@educa.edu.bo', '$2y$10$2Wopvq67oDNeEdkiAnzsMOXppeN600wwXQQperlCJAg4WC3Z78RWq', 3, '2025-06-11 10:34:06'),
(93, 'Adrian', 'Sánchez', 'adrian.sánchez84@educa.edu.bo', '$2y$10$Pi.GwwmXtjyjIHUDWJG/QO.s84NtSoitGToMGTYAl5v8jXKrq4v9e', 3, '2025-06-11 10:34:06'),
(94, 'Diego', 'Rodríguez', 'diego.rodríguez85@educa.edu.bo', '$2y$10$r7EHJWTPCjMg9VW7arGFpOqxAr61vxheJ4XB2W5DjNZQIcdHS.YlS', 3, '2025-06-11 10:34:06'),
(95, 'Juan', 'Romero', 'juan.romero86@educa.edu.bo', '$2y$10$ZJ981udi0650UJEt4KX3GeMVnp6G1nnuATolKhQdSzebGFERW1qSi', 3, '2025-06-11 10:34:06'),
(96, 'Luis', 'Hernández', 'luis.hernández87@educa.edu.bo', '$2y$10$YW4yiX47F.wBTGouQtm00uXN5BukaxtTZZDWqTEqpbhfoUx/7t5Ra', 3, '2025-06-11 10:34:06'),
(97, 'Andrea', 'Torres', 'andrea.torres88@educa.edu.bo', '$2y$10$H5SssJdj/wGYGsrPqrWQ/eiHOxn87ECtUbeG7FHIgllj0BxlgM/qa', 3, '2025-06-11 10:34:06'),
(98, 'Carmen', 'Pérez', 'carmen.pérez89@educa.edu.bo', '$2y$10$UBXteNgMHynkes1MCyl6n.PkjDG2RGvBQPShTzMn.znhciJbft9Lu', 3, '2025-06-11 10:34:06'),
(99, 'Pedro', 'Ruiz', 'pedro.ruiz90@educa.edu.bo', '$2y$10$HNrYGmt3UXed5FPW5qrnBeGdq5S0SGS5xLVCXptWPKZhXgN7sfYSq', 3, '2025-06-11 10:34:06'),
(100, 'Carlos', 'Martínez', 'carlos.martínez91@educa.edu.bo', '$2y$10$IwbkLCsIRRhe6XtcBk1GnuvWQcslRqAofL51PsBIpLWsktF.CjkB6', 3, '2025-06-11 10:34:06'),
(101, 'Carmen', 'Moreno', 'carmen.moreno92@educa.edu.bo', '$2y$10$r/aKvvsk3eP5RXgfpJU0A.5JapnNbx6SGAz2ItLVcpMQB/CCwwb6y', 3, '2025-06-11 10:34:06'),
(102, 'Juan', 'Romero', 'juan.romero93@educa.edu.bo', '$2y$10$kf476T3lj/wTbJDbqVFvweVqM4aVCR85YJruX.OkKE9t5eamcRH/a', 3, '2025-06-11 10:34:07'),
(103, 'Fernando', 'Jiménez', 'fernando.jiménez94@educa.edu.bo', '$2y$10$8p/tdzgAZF8SL/hnozvuc.43N80tr5xhYKVfFWNAuwVPDXPVNcXnu', 3, '2025-06-11 10:34:07'),
(104, 'Patricia', 'Jiménez', 'patricia.jiménez95@educa.edu.bo', '$2y$10$8lJvqG2PYkcP3LhLobTM/.i6rQjhYLefES9JXKtl6k1ElLFQvrxgu', 3, '2025-06-11 10:34:07'),
(105, 'Daniel', 'Álvarez', 'daniel.Álvarez96@educa.edu.bo', '$2y$10$lN4M3Yh6ohbNl3anfevB2OFuTfDe4aVZjswrGDVTu2BdfDkKOsl3G', 3, '2025-06-11 10:34:07'),
(106, 'Cristina', 'Navarro', 'cristina.navarro97@educa.edu.bo', '$2y$10$62AC7Hyrd7YcGhCAt7zL2.Rz8m88IjJnCw9I0dHIeBedJYDkT.Doy', 3, '2025-06-11 10:34:07'),
(107, 'David', 'Martín', 'david.martín98@educa.edu.bo', '$2y$10$fV1X8uobBEEQRWoR6RZDEeUArP34EHBQvUz6v9Bwg41rP0/vyLSaa', 3, '2025-06-11 10:34:07'),
(108, 'Carlos', 'Fernández', 'carlos.fernández99@educa.edu.bo', '$2y$10$m.rjyPaYdgKBiU5k1H0.WOb2PiD70zyCml8aV2BH96wjm3.YPVeeG', 3, '2025-06-11 10:34:07'),
(109, 'Maria', 'Navarro', 'maria.navarro100@educa.edu.bo', '$2y$10$ucI/5w3BE0sycfMWiuItCOpN1ern6ihSE7VIi5OShdozfWO.IKKxK', 3, '2025-06-11 10:34:07'),
(110, 'Sergio', 'Álvarez', 'sergio.Álvarez101@educa.edu.bo', '$2y$10$QS3FPWDtKFPsf./1q/UelOtOoOWd95.mOY6gMC1RciYvicYgVqo9i', 3, '2025-06-11 10:34:07'),
(111, 'Laura', 'Pérez', 'laura.pérez102@educa.edu.bo', '$2y$10$IMW.aJq0ke2.M8dRaoBrCOth1VH6rn23ugri/lPUxkF4LtUwdZdia', 3, '2025-06-11 10:34:07'),
(112, 'Daniel', 'Domínguez', 'daniel.domínguez103@educa.edu.bo', '$2y$10$SGPSkAgkB33SCWfMLs8rVee5Yof0xpcCQZffqqWzhoWTemhJeTS.y', 3, '2025-06-11 10:34:07'),
(113, 'Marta', 'Sánchez', 'marta.sánchez104@educa.edu.bo', '$2y$10$07Fpd93PITABxTsT77Tw/uUPHPAnJzkhzg7Is8DfL9p2LHNz13JaW', 3, '2025-06-11 10:34:08'),
(114, 'Carlos', 'Fernández', 'carlos.fernández105@educa.edu.bo', '$2y$10$gkQ87ofhBaK8BRZLvwLi4.3KtfWN.sNTtE/S4421mUM2AJ7uPSKBm', 3, '2025-06-11 10:34:08'),
(115, 'Miguel', 'López', 'miguel.lópez106@educa.edu.bo', '$2y$10$OV4gla67WOfW0ACdOu.gleQ37EqTNX462LnZC/ukygEi4lJf6jN2m', 3, '2025-06-11 10:34:08'),
(116, 'Miguel', 'López', 'miguel.lópez107@educa.edu.bo', '$2y$10$ZA3l9IHXQICQGfd93vW3kOI.1TNtKZ75AXsUVZN3xLZmzcNWTP4V6', 3, '2025-06-11 10:34:08'),
(117, 'Sofia', 'Díaz', 'sofia.díaz108@educa.edu.bo', '$2y$10$2DNSC0Dn7g2tdLbRws6zce/5ajwQJDLF3K0D6nmhyXL3G43Derss2', 3, '2025-06-11 10:34:08'),
(118, 'Diego', 'Gómez', 'diego.gómez109@educa.edu.bo', '$2y$10$GdZuj4y9m6Lft5YrZbVs/eoIMLJySptdbR7EMxUeqVWoFFFA51vnq', 3, '2025-06-11 10:34:08'),
(119, 'Cristina', 'García', 'cristina.garcía110@educa.edu.bo', '$2y$10$WvaAHLbqgBUXbKn8532hwu5hBpMTwXXjxEAdZVfi2fmX2JJfOdxKm', 3, '2025-06-11 10:34:08'),
(120, 'Daniel', 'Fernández', 'daniel.fernández111@educa.edu.bo', '$2y$10$AgIsx975aLJWQLgJyIG2keJUWLSZZlHVpCWfYKZXBnuvVUh.YuPoi', 3, '2025-06-11 10:34:08'),
(121, 'Isabel', 'Romero', 'isabel.romero112@educa.edu.bo', '$2y$10$vf/05K1j3aUTD7Ig5/Sbj.iTlNH3GIM.TK1Qpko/AZCDqY2hluwbG', 3, '2025-06-11 10:34:08'),
(122, 'Ana', 'Pérez', 'ana.pérez113@educa.edu.bo', '$2y$10$r/8HeNAdXOVT3Al2PQgPEuuRDag659Dtnv2TSXf2PbQ.Gl6ZbrytO', 3, '2025-06-11 10:34:08'),
(123, 'Laura', 'Jiménez', 'laura.jiménez114@educa.edu.bo', '$2y$10$KhQGb9vTmZhQqXTrIoHMEelbKHpIVKErGFBVhtWj798yndmiXKqCG', 3, '2025-06-11 10:34:09'),
(124, 'Lucia', 'Hernández', 'lucia.hernández115@educa.edu.bo', '$2y$10$aCg65UFPF6Jpok1dwCncluNw94tx9CbfTO5yv.149XknNhm7J0DC.', 3, '2025-06-11 10:34:09'),
(125, 'Patricia', 'Alonso', 'patricia.alonso116@educa.edu.bo', '$2y$10$aiLXnKMR8uikdX8G7X7fdOOxOtKb.vaWPNyGMUv8DZGiKFJVoGnYi', 3, '2025-06-11 10:34:09'),
(126, 'Fernando', 'Rodríguez', 'fernando.rodríguez117@educa.edu.bo', '$2y$10$gkDZ5Bzo/le4v86jxYh01.c7y8XR2sm7Z7chaLmGGNBOPBtFldOcu', 3, '2025-06-11 10:34:09'),
(127, 'Marta', 'Domínguez', 'marta.domínguez118@educa.edu.bo', '$2y$10$j2bTRYvgS25.r64GO5DXrOpUxGKqADCoGTyw16B6ChPC2Nv.HClhW', 3, '2025-06-11 10:34:09'),
(128, 'Maria', 'Álvarez', 'maria.Álvarez119@educa.edu.bo', '$2y$10$JW2oXjkhAmGHUs4n9OfMfOv32b1I5gsxD9bCFVbfNU5O05Tq2XMwi', 3, '2025-06-11 10:34:09'),
(129, 'David', 'Alonso', 'david.alonso120@educa.edu.bo', '$2y$10$T.38LxTiRVyB80NY07KLq.XP/83SySymx8IHJR1By8obnKxNfGC8q', 3, '2025-06-11 10:34:09'),
(130, 'Diego', 'Rodríguez', 'diego.rodríguez121@educa.edu.bo', '$2y$10$iOvelDpAHUyFvWarT0xK6uiIAFPzXUxdVuOTfnXWR9y5BF3rECsny', 3, '2025-06-11 10:34:09'),
(131, 'Juan', 'Fernández', 'juan.fernández122@educa.edu.bo', '$2y$10$/nnGVhzyFH5RnfECj56TY.z0WorJjObqIK17UITvHPq4TRmeUg.12', 3, '2025-06-11 10:34:09'),
(132, 'Sofia', 'Domínguez', 'sofia.domínguez123@educa.edu.bo', '$2y$10$gEklBRI9lbyItb1CdcoQaO9uSnbmn3Sd5OQ72BTrif9qvHqyErktO', 3, '2025-06-11 10:34:09'),
(133, 'Daniel', 'Ruiz', 'daniel.ruiz124@educa.edu.bo', '$2y$10$jHqgsJ2Yec7aBIOeHrN8wO0XUDBZA/GaKqtSxJiQcmQhTKlJ5GYHq', 3, '2025-06-11 10:34:10'),
(134, 'Maria', 'Muñoz', 'maria.muñoz125@educa.edu.bo', '$2y$10$I6TgyCT6Slx8TKiU/FFkJe2zJv/7KbrxYLMZwLaSN1oKXWn.2Egpy', 3, '2025-06-11 10:34:10'),
(135, 'Carmen', 'Martín', 'carmen.martín126@educa.edu.bo', '$2y$10$jgTKF3ep4zbGiTgItJUDoei9GsMOMyA9/wffifv/OfBTWvSI4GHX2', 3, '2025-06-11 10:34:10'),
(136, 'Andrea', 'Álvarez', 'andrea.Álvarez127@educa.edu.bo', '$2y$10$nqP.Pu6dfg1JUhLO0fAbz.4gv6VzIewOIOakd7uZweL/u1qRbKgH.', 3, '2025-06-11 10:34:10'),
(137, 'Lucia', 'Pérez', 'lucia.pérez128@educa.edu.bo', '$2y$10$5kNV4buwZeJ0RlZRI8VwDu0kY3DMhClktBxozfey/6p/XtXt8ndQS', 3, '2025-06-11 10:34:10'),
(138, 'Luis', 'Álvarez', 'luis.Álvarez129@educa.edu.bo', '$2y$10$2uTwcFPMYEXsgleL9N5dS.Q8v4k/IbdXYUpRvD.lR4LkSEvGYIs4W', 3, '2025-06-11 10:34:10'),
(139, 'Cristina', 'García', 'cristina.garcía130@educa.edu.bo', '$2y$10$Vk1Vy3Ju86sRGWP.bv7JHu.pccE57XL0JNMikde5oI/LYOjK1k4qu', 3, '2025-06-11 10:34:10'),
(140, 'Adrian', 'Álvarez', 'adrian.Álvarez131@educa.edu.bo', '$2y$10$AIC39vetfFRWjbCwDEX3u.NgwV2iFERuK.6neyUeKs0DZ3KQf.DU6', 3, '2025-06-11 10:34:10'),
(141, 'Andrea', 'Domínguez', 'andrea.domínguez132@educa.edu.bo', '$2y$10$Onz.OAv6pk9CU/I/x.rEj.stIRTCb4ehrGi5NZ2DvjLtMbjqeXyyq', 3, '2025-06-11 10:34:10'),
(142, 'Carmen', 'Gutiérrez', 'carmen.gutiérrez133@educa.edu.bo', '$2y$10$Fe3dCcxt2bbj4Cke6Eb5fOpA3GPY8migqFsqmO79vpKwU8sVyJv0m', 3, '2025-06-11 10:34:10'),
(143, 'Maria', 'Muñoz', 'maria.muñoz134@educa.edu.bo', '$2y$10$EJk4Ws6d02E7DyIpSKOObehu2Os89Uxc669oBGRn3shdmOgftW8VW', 3, '2025-06-11 10:34:11'),
(144, 'Isabel', 'Martínez', 'isabel.martínez135@educa.edu.bo', '$2y$10$6p8TsyaOVBTTiIXAalHC5elu1FJ7LZUDdxDchHthTqxIc5pLBeSsm', 3, '2025-06-11 10:34:11'),
(145, 'Adrian', 'Moreno', 'adrian.moreno136@educa.edu.bo', '$2y$10$NN2QQ7Cj8dT8icDhvUWMQOuOy46NLuPDkoSiSx8VyLXm7av7zEnhe', 3, '2025-06-11 10:34:11'),
(146, 'Raquel', 'Martínez', 'raquel.martínez137@educa.edu.bo', '$2y$10$TOQRY.NwrYF3Meo3ZZxxyefA32/3oie3mr2EwTC5l4tht8wk.vKni', 3, '2025-06-11 10:34:11'),
(147, 'Luis', 'Jiménez', 'luis.jiménez138@educa.edu.bo', '$2y$10$bPcgsYDMi85VhngSR6pxmOPMf.DxW0jJc53pJFnws5J43nzXf0IYm', 3, '2025-06-11 10:34:11'),
(148, 'Ana', 'Jiménez', 'ana.jiménez139@educa.edu.bo', '$2y$10$i3OTEFgh/T55JriB/wVvJu07CeYNIf0q7QVMa7X.s73Tyi8f7NlOy', 3, '2025-06-11 10:34:11'),
(149, 'David', 'Jiménez', 'david.jiménez140@educa.edu.bo', '$2y$10$rRfCELly..LBPXW10QLuIOsD9Q.BaGHhdmgevKSg9Wua8kQ8rqmG.', 3, '2025-06-11 10:34:11'),
(150, 'Sergio', 'Fernández', 'sergio.fernández141@educa.edu.bo', '$2y$10$2za58iVYB5cNTgxRzbuTReQznT1Q5v7KW7WWe6xNhodsBlvQZTM8K', 3, '2025-06-11 10:34:11'),
(151, 'David', 'González', 'david.gonzález142@educa.edu.bo', '$2y$10$KgSKfiV4PpBA32FZDqjftuZ4mI2vsSFMjp8V5Q2f54JASeLd124Jq', 3, '2025-06-11 10:34:11'),
(152, 'Pedro', 'Alonso', 'pedro.alonso143@educa.edu.bo', '$2y$10$y2Q8soldgPSLoBUkEiml8.WjAVh5VrNjIJfaBDgA.uSltlSZd11Ui', 3, '2025-06-11 10:34:11'),
(153, 'Miguel', 'López', 'miguel.lópez144@educa.edu.bo', '$2y$10$OrA6dK135aN1NVIwPf7cl.34OAE81kyrpjfhOiY2jFxKGAXlMmmM.', 3, '2025-06-11 10:34:12'),
(154, 'Carlos', 'Vázquez', 'carlos.vázquez145@educa.edu.bo', '$2y$10$mE2WGRNlQdv1cgIDR3xemeBDd47I3.izCd6R6tgyRL2MRPG3/KxOi', 3, '2025-06-11 10:34:12'),
(155, 'Juan', 'Domínguez', 'juan.domínguez146@educa.edu.bo', '$2y$10$c5oohPa.gH3NgVwnkCb7newsC8pwcvE8XeSERaZ8F5W/0JiZH5IiO', 3, '2025-06-11 10:34:12'),
(156, 'Adrian', 'Álvarez', 'adrian.Álvarez147@educa.edu.bo', '$2y$10$vzxqjZm16LnvfkiH6LIVeOzVa5e6r.CGoMp.Q9flkeLUKKGG8Pieq', 3, '2025-06-11 10:34:12'),
(157, 'Isabel', 'Hernández', 'isabel.hernández148@educa.edu.bo', '$2y$10$yIleCpbV6K0reR0dYqbpMexp24n/pFYQb6abFhozwnoAWKAKI6k06', 3, '2025-06-11 10:34:12'),
(158, 'Andrea', 'Fernández', 'andrea.fernández149@educa.edu.bo', '$2y$10$aFzHAxGfmhFiyBne71tvWOiGDRmFnBS6PPq.qIIGwRqV6FxkXDTPi', 3, '2025-06-11 10:34:12'),
(159, 'Sofia', 'Romero', 'sofia.romero150@educa.edu.bo', '$2y$10$KY4rSPDb5g73k8L9mVIJPOd7mNAK.tF2CG8AOhGcfdOETRgYzsPYu', 3, '2025-06-11 10:34:12'),
(160, 'Sergio', 'Gutiérrez', 'sergio.gutiérrez151@educa.edu.bo', '$2y$10$zhrPri1M7ZwuKi0M2TQqDOuIh6V/0DUfZF1k6CaxSTmgWACg4UF6i', 3, '2025-06-11 10:34:12'),
(161, 'Patricia', 'Jiménez', 'patricia.jiménez152@educa.edu.bo', '$2y$10$Ss5yT7wk01O11mS/CBXRgOZ2jT7Bn2aML4PqV9l5YoH9ypUk3qV3u', 3, '2025-06-11 10:34:13'),
(162, 'Daniel', 'López', 'daniel.lópez153@educa.edu.bo', '$2y$10$MCELvdEOuKZf2p/zy1cpa.HZzChwY69tl5aaSnDUdr3AGSMWX97t2', 3, '2025-06-11 10:34:13'),
(163, 'Lucia', 'Romero', 'lucia.romero154@educa.edu.bo', '$2y$10$EuWp/h0LIiK/SBvMuT29HOkIogvLjuncz6vpw8WSUgzCaUTMMPW/G', 3, '2025-06-11 10:34:13'),
(164, 'Isabel', 'González', 'isabel.gonzález155@educa.edu.bo', '$2y$10$2aw.MmVg2wkSpa/7VadSEu/O7M/sesYohI1n6pBpXHzHTbHzRoRSi', 3, '2025-06-11 10:34:13'),
(165, 'Lucia', 'Domínguez', 'lucia.domínguez156@educa.edu.bo', '$2y$10$GaLma2l2MvDUaDZijQMNke/Wgf9AxrJMt5sDd7WE72lmMkfU9v0lC', 3, '2025-06-11 10:34:13'),
(166, 'Fernando', 'Sánchez', 'fernando.sánchez157@educa.edu.bo', '$2y$10$pext5zRievG74VRLVy7azOlsR83PxMMs.vN9Orekff9/BESjY4jrS', 3, '2025-06-11 10:34:13'),
(167, 'Cristina', 'Ruiz', 'cristina.ruiz158@educa.edu.bo', '$2y$10$5JS/iPBeHYRFqL6Wlg3kaOCELDBNE/TfD.AjLLWabH/RAaBnscQCm', 3, '2025-06-11 10:34:13'),
(168, 'Javier', 'Ruiz', 'javier.ruiz159@educa.edu.bo', '$2y$10$XM.ptiWtZiRPngWnqVU5kuyzl5iuglVx1je4Os3cm.XOrjhstHfeG', 3, '2025-06-11 10:34:13'),
(169, 'Pedro', 'Moreno', 'pedro.moreno160@educa.edu.bo', '$2y$10$SLP1ol4h..iFaiXAzsizl.7wc.10NdWZZpQ1LASSnLIXFy8B8vBR.', 3, '2025-06-11 10:34:13'),
(170, 'Raquel', 'Vázquez', 'raquel.vázquez161@educa.edu.bo', '$2y$10$TSuofD/WbFviYoNbrtuU/uwDjUnFypJ3s/sRW49qBZf0VfXQbDLKW', 3, '2025-06-11 10:34:13'),
(171, 'Pedro', 'Díaz', 'pedro.díaz162@educa.edu.bo', '$2y$10$gFoJjCr2FBJMNwmrEkX6u.Pg1XRq7zj3HV8pIbdof2/pdgHs.XJoG', 3, '2025-06-11 10:34:14'),
(172, 'Elena', 'Jiménez', 'elena.jiménez163@educa.edu.bo', '$2y$10$60C.E88G90WQB8s8Sp/WteWEEqXOI4po/UwOdIc8L4jdseeSZkv2K', 3, '2025-06-11 10:34:14'),
(173, 'Pablo', 'Navarro', 'pablo.navarro164@educa.edu.bo', '$2y$10$itFlSaeLuBrKH9wB8QplTuPiUA3GAu64Xg9XANU/A/JPjVxCGkeIa', 3, '2025-06-11 10:34:14'),
(174, 'Isabel', 'Vázquez', 'isabel.vázquez165@educa.edu.bo', '$2y$10$Uia7AbLFokPxgPrJ6lf56./86TGb4OnVgXxjcbuM2DOKhGwiiY94K', 3, '2025-06-11 10:34:14'),
(175, 'Patricia', 'Alonso', 'patricia.alonso166@educa.edu.bo', '$2y$10$uATdQdukR.WIisOV3R6aJOyJxiULrR0.Be7ZbC2IeqC1DB7ASEzIi', 3, '2025-06-11 10:34:14'),
(176, 'Andrea', 'López', 'andrea.lópez167@educa.edu.bo', '$2y$10$u5UyUBbAQSK/sj8R7FagxOepbtMD3Akys3Ao0Jq3pVJw1LTrQZPOq', 3, '2025-06-11 10:34:14'),
(177, 'Lucia', 'García', 'lucia.garcía168@educa.edu.bo', '$2y$10$MH3bVHe1snJcr0DvJ1PPhumChYY.dwRBFw16PqqBayod8q2CDXmOG', 3, '2025-06-11 10:34:14'),
(178, 'Lucia', 'Pérez', 'lucia.pérez169@educa.edu.bo', '$2y$10$We0gwexRTxTTt4HkN4XVu.Jdalkgd/IZghU1wgvHKGUlBjlacKJva', 3, '2025-06-11 10:34:14'),
(179, 'Sergio', 'Jiménez', 'sergio.jiménez170@educa.edu.bo', '$2y$10$si2j1NcULKmrqbP/ci1TPO0urFg0oOkSVpiUjGXD3OC7dUbxxt34q', 3, '2025-06-11 10:34:14'),
(180, 'David', 'Martín', 'david.martín171@educa.edu.bo', '$2y$10$FGAJcTmdlVKID2V8J85ZPeZtVKCxAJyH88tPMo0wNSMF4pclqUsN2', 3, '2025-06-11 10:34:14'),
(181, 'Sofia', 'Jiménez', 'sofia.jiménez172@educa.edu.bo', '$2y$10$I82c4Gi7tQQGIEH/pmgpxu/9L6cSeDJb92dwC.emDTBpgIHnVoqFe', 3, '2025-06-11 10:34:15'),
(182, 'Juan', 'Martínez', 'juan.martínez173@educa.edu.bo', '$2y$10$caNKOuA2VcXihJhp0ulu.eQCe92lKl8c9TptMpqWsv5hAUejTBavq', 3, '2025-06-11 10:34:15'),
(183, 'Andrea', 'Gutiérrez', 'andrea.gutiérrez174@educa.edu.bo', '$2y$10$EUtTWXjXagaEVXEKwgCyd.am7QnOSvRsDxXxU2jVMOkwHQKLrSpI.', 3, '2025-06-11 10:34:15'),
(184, 'Miguel', 'Vázquez', 'miguel.vázquez175@educa.edu.bo', '$2y$10$uGntPcbHx22JCPgvAI0tFOpbvqW2EoT20R4D86r3eGF7E2wubVQXC', 3, '2025-06-11 10:34:15'),
(185, 'Marta', 'Fernández', 'marta.fernández176@educa.edu.bo', '$2y$10$Fjq5LFcoXe0WNhvX1l6E8.VHfY3XIy3z/rjEEEUSqM54qQfp6QSSS', 3, '2025-06-11 10:34:15'),
(186, 'Sergio', 'Sánchez', 'sergio.sánchez177@educa.edu.bo', '$2y$10$Xvkcmcq1R5XBelZ2kn1z0.ayWE0ldy74L9x8gVAd.EYEupm/VIWiy', 3, '2025-06-11 10:34:15'),
(187, 'Laura', 'Alonso', 'laura.alonso178@educa.edu.bo', '$2y$10$dreET2ad3NfKYCcxF9zNNujMLXlKavTAB5pULtWVuizDHm1ZnQNMe', 3, '2025-06-11 10:34:15'),
(188, 'Elena', 'Sánchez', 'elena.sánchez179@educa.edu.bo', '$2y$10$8xEMuMdP/6gXUrUYFEMrJOFzVoLBGtWXIaJGwWIcU1lHFnFUh4dR.', 3, '2025-06-11 10:34:15'),
(189, 'Raquel', 'Martín', 'raquel.martín180@educa.edu.bo', '$2y$10$PzvrRr2RuCy.QAnVBeydNeDeyMGPzozdEqCL4xHAEIjnMicqSpBwm', 3, '2025-06-11 10:34:15'),
(190, 'Diego', 'Muñoz', 'diego.muñoz181@educa.edu.bo', '$2y$10$7LK.M4Hdjv5Z274OeFyG1uwMYvTq6XrwGeTGBQoBlJVgSTLA05Loi', 3, '2025-06-11 10:34:15'),
(191, 'Laura', 'Ruiz', 'laura.ruiz182@educa.edu.bo', '$2y$10$Wk7kimmk2GLsBpAIuVo9T.7lTyzwcMxqokSCKZB2FN0uP5WL9ueHu', 3, '2025-06-11 10:34:16'),
(192, 'Carlos', 'Vázquez', 'carlos.vázquez183@educa.edu.bo', '$2y$10$P.mrYBHbwqOUDVxFNZvcpe.3iUz9LQPLMMmtfKkWTATKWSXE4pCna', 3, '2025-06-11 10:34:16'),
(193, 'Juan', 'Martín', 'juan.martín184@educa.edu.bo', '$2y$10$SAGr9oUDMxxVyhgVv4xPs.AWbAPc5LJIF2QfuSJTxOZlF3bKwTUR2', 3, '2025-06-11 10:34:16'),
(194, 'Elena', 'Ruiz', 'elena.ruiz185@educa.edu.bo', '$2y$10$R5/ASFL2eKKkPixRlitYQO5EVS6IttyS4DKLj2kXwaKqDpn5xWOeu', 3, '2025-06-11 10:34:16'),
(195, 'Maria', 'González', 'maria.gonzález186@educa.edu.bo', '$2y$10$IwJth1UcT18Bb0anMyACYOEzAOwBj67pOiSbJ2eDVdUlL/gjQECEi', 3, '2025-06-11 10:34:16'),
(196, 'Adrian', 'Fernández', 'adrian.fernández187@educa.edu.bo', '$2y$10$YVAwDG705jsO4PThP3DyOeA3mWRITYMOIz2o1uMYcSmrEsftJfW66', 3, '2025-06-11 10:34:16'),
(197, 'Raquel', 'Pérez', 'raquel.pérez188@educa.edu.bo', '$2y$10$ikfhWgvr4LifXzD3AemWb.608fs5.XgSvJQe0e1woirR3deWNBfPS', 3, '2025-06-11 10:34:16'),
(198, 'Javier', 'Hernández', 'javier.hernández189@educa.edu.bo', '$2y$10$WXnermDMqtQAE7SZT57RGeQ2sf8QSKU0bLNNPmTRF6EN1YQx3/UYy', 3, '2025-06-11 10:34:16'),
(199, 'Carlos', 'Ruiz', 'carlos.ruiz190@educa.edu.bo', '$2y$10$pI7xNdthBpbrf93ykZXyPu9ExX411Jpp1UV3zgAa8Jqu9StlbnfeK', 3, '2025-06-11 10:34:16'),
(200, 'Isabel', 'Hernández', 'isabel.hernández191@educa.edu.bo', '$2y$10$Vl3r1uMT5JDJShAbZV173ek0nJ.8TgQM5zRlu2Om0bgUVxIWBCmz.', 3, '2025-06-11 10:34:16'),
(201, 'Ana', 'Muñoz', 'ana.muñoz192@educa.edu.bo', '$2y$10$z75SSbTyUeCFmDSo0jIYHeFSP/ize0a2c.CTmIHLlEC4L9eEi8Vbi', 3, '2025-06-11 10:34:16'),
(202, 'Sergio', 'Muñoz', 'sergio.muñoz193@educa.edu.bo', '$2y$10$Hupp.i3ceOg1gYKeE3phJe8s6hsJWn0O5A/O45MQdOn5UkbfNktyi', 3, '2025-06-11 10:34:17'),
(203, 'Raquel', 'Romero', 'raquel.romero194@educa.edu.bo', '$2y$10$WjCLXcKxT2Ryr39oDZ/fsum8Nm0Mtr3ABcAd6BmIOclCudq3ZZJui', 3, '2025-06-11 10:34:17'),
(204, 'Daniel', 'Moreno', 'daniel.moreno195@educa.edu.bo', '$2y$10$e/nY.y773fiG.8ABYBhY.ecjW8H01/F0RwS/Fawl.m3jEkQWWdllS', 3, '2025-06-11 10:34:17'),
(205, 'Carmen', 'Vázquez', 'carmen.vázquez196@educa.edu.bo', '$2y$10$SBI7ybyMsztIA/MJplK.EeumKPjwaPYmC7x0QJDTn2DytecKy57SC', 3, '2025-06-11 10:34:17'),
(206, 'Laura', 'Pérez', 'laura.pérez197@educa.edu.bo', '$2y$10$eqMzCbmn4S5WD7RTgY8H3O2G8xzmzXh2uITT9igoJyjXlZ/p7oROm', 3, '2025-06-11 10:34:17'),
(207, 'Andrea', 'González', 'andrea.gonzález198@educa.edu.bo', '$2y$10$rcu8lLUulsd2A38S2a2tNuXMv2DlkUrRk6AELiR0myAvHdqofwJ7q', 3, '2025-06-11 10:34:17'),
(208, 'Juan', 'Álvarez', 'juan.Álvarez199@educa.edu.bo', '$2y$10$sC/.gTrGZhmsk42411xkPO/wZgqgNymOH6lI96.v93LGfWZ5xN6Ru', 3, '2025-06-11 10:34:17'),
(209, 'Diego', 'Sánchez', 'diego.sánchez200@educa.edu.bo', '$2y$10$N/SewHlUT/heHm81.BNxc.pPQKhlySXSHTSX1HxkQ2eWJesAl5.YW', 3, '2025-06-11 10:34:17'),
(210, 'Marcela', 'Chávez', 'mchávez1@colegio.edu.bo', '$2y$10$kcR7Ix4xzmrPwVCcf.1Lz.69iP5kWXbWYGzOukZKbUicyAIMRj92q', 2, '2025-06-11 10:58:42'),
(211, 'Leonardo', 'Paredes', 'lparedes2@colegio.edu.bo', '$2y$10$uzLcVsBifw0h6QyYpT.LOu5cuXaqFI4Ha8W6B0xHUgs/UjTuXyxSS', 2, '2025-06-11 10:58:42'),
(212, 'Diana', 'Morales', 'dmorales3@colegio.edu.bo', '$2y$10$gjUIJnKjZMm9.jFFFgAwCex8r5EcFkO3REnYrMnepmH1m5RB.TK6q', 2, '2025-06-11 10:58:42'),
(213, 'Marcela', 'Sánchez', 'msánchez4@colegio.edu.bo', '$2y$10$3CgxxwwH4.o7OUP7GA2glOf7wq0/19jsEIuZmeSok0qINqD8Pc1na', 2, '2025-06-11 10:58:42'),
(214, 'Julieta', 'Rojas', 'jrojas5@colegio.edu.bo', '$2y$10$PapLyz8uROwCDy.USLuileWJBUFhgGwJjD94.djCTCl/qam3769Tm', 2, '2025-06-11 10:58:42'),
(215, 'Fernanda', 'Díaz', 'fdíaz6@colegio.edu.bo', '$2y$10$6T2jCkCXYERyk.vdCKjwjOYSWVv6GBweyIdCJHT6L.iBAt4yJMJy6', 2, '2025-06-11 10:58:42'),
(216, 'Fernanda', 'Quispe', 'fquispe7@colegio.edu.bo', '$2y$10$nICi150Iw/eK.AMT0cpmjORkZzYoEkhWZJyrVMp09Pain.OGoGXIG', 2, '2025-06-11 10:58:42'),
(217, 'Hilda', 'Rojas', 'hrojas8@colegio.edu.bo', '$2y$10$7ljWJxl4ZjX14.KmWP3EaOUiL6kdNll3BlYLCJKIGClnt2BAlzKEu', 2, '2025-06-11 10:58:43'),
(218, 'Gabriel', 'Quispe', 'gquispe9@colegio.edu.bo', '$2y$10$M6FzIMrSK9MAmDSp77nR3exnxLzRgQGO2KFYCg3XH1kEusBYOLNEG', 2, '2025-06-11 10:58:43'),
(219, 'Hilda', 'Castillo', 'hcastillo10@colegio.edu.bo', '$2y$10$9snugTOyuhg6NlJ/UUmxku1AYdG.OQJRIc/SUeB4A7bXVNPWyzFMS', 2, '2025-06-11 10:58:43'),
(220, 'Valeria', 'Castillo', 'vcastillo11@colegio.edu.bo', '$2y$10$Mmk0xul6Ymw0z5uQxgb5f.JvdX1w1uNzGdZYhvHdMtEZ41XvjMybu', 2, '2025-06-11 10:58:43'),
(221, 'Eduardo', 'Cruz', 'ecruz12@colegio.edu.bo', '$2y$10$7FF6jGKt8AfVIEFYqP9Dg./4r5Klb5rkBeWfIJ72Cgq66euEVybr2', 2, '2025-06-11 10:58:43'),
(222, 'Leonardo', 'Torres', 'ltorres13@colegio.edu.bo', '$2y$10$wjzo8KG85Lv1dxvJB4yQuev8pYPGSEaAemLLsJT9jx8b7Rq0u1wsC', 2, '2025-06-11 10:58:43'),
(223, 'Gabriel', 'Mendoza', 'gmendoza14@colegio.edu.bo', '$2y$10$iYpxyHUmXU3aPeHROGTvb.MtQijP3YwRHp8Pl1viAuYuupsHm8Q8.', 2, '2025-06-11 10:58:43'),
(224, 'Fernanda', 'Mamani', 'fmamani15@colegio.edu.bo', '$2y$10$u5XylpC1BBYTdnHlX2xv7uE2NI85HDE6N2sj2b4EJ.Eq.cOl79N36', 2, '2025-06-11 10:58:43'),
(225, 'Ulises', 'Morales', 'umorales16@colegio.edu.bo', '$2y$10$fuT8oPaJxjea9oLLwHJQku1WJRxrtvlOLt/bDITJBqJZdh0mCkGgW', 2, '2025-06-11 10:58:43'),
(226, 'Alejandro', 'Sánchez', 'asánchez17@colegio.edu.bo', '$2y$10$0sYbmydqNatnjghCJ.rw/uMmsvITF9bIF9iNMnC7msf7ihpykzK3K', 2, '2025-06-11 10:58:43'),
(227, 'Teresa', 'Flores', 'tflores18@colegio.edu.bo', '$2y$10$oZyDZF6zS4Tt0ujJCDOzMu4U19hRBI2Rqo.AmeHxl6c/34Nrjl6NW', 2, '2025-06-11 10:58:43'),
(228, 'Leonardo', 'Morales', 'lmorales19@colegio.edu.bo', '$2y$10$Kr60Vy5eapwho3srO4tFjescDf1GwBX/ukyT2LNqqgA3a5sMcTsrC', 2, '2025-06-11 10:58:44'),
(229, 'Patricio', 'Rojas', 'projas20@colegio.edu.bo', '$2y$10$/6shWjkujLj2dFBHRUReHeafKBDH4EUBK5CLdRzFNqUjq9sLNenkW', 2, '2025-06-11 10:58:44'),
(230, 'Santiago', 'Ortiz', 'sortiz21@colegio.edu.bo', '$2y$10$Yx0WELZsG8hj3oAZcmmYV.zxGNTc.oznExnGzJKhIHnAzZQ.dD1DW', 2, '2025-06-11 10:58:44'),
(231, 'Hilda', 'Vargas', 'hvargas22@colegio.edu.bo', '$2y$10$.NRsoe6OQWEraTAxy8WIVOpJAZsF5vuddOm6Y2psVaDdHNU09D7j2', 2, '2025-06-11 10:58:44'),
(232, 'Julieta', 'Ortiz', 'jortiz23@colegio.edu.bo', '$2y$10$J73tN7ZPCY3QrB2adZlhYuVvMS8PXX.I/fHH5iPhmprl4XE5q6diy', 2, '2025-06-11 10:58:44'),
(233, 'Julieta', 'Ortiz', 'jortiz24@colegio.edu.bo', '$2y$10$P7rhmC1ZYVvI2nWqOMouoeh4YLyx6skjHgUR4fetoOrg8Smi0mOpK', 2, '2025-06-11 10:58:44'),
(234, 'Valeria', 'Rojas', 'vrojas25@colegio.edu.bo', '$2y$10$ineN78lLJEx.ffleEDOJeOmy2AoAD4baip6jqEMeQ1StJKw32oIBe', 2, '2025-06-11 10:58:44'),
(235, 'Nicolás', 'Morales', 'nmorales26@colegio.edu.bo', '$2y$10$muQ7oMLO8OOxER3lBIDhIO2G6PaNQ54.SWuvcmpofNhiKaNfOmTcm', 2, '2025-06-11 10:58:44'),
(236, 'Valeria', 'Rojas', 'vrojas27@colegio.edu.bo', '$2y$10$m639IalPpzzPh889J3Whc.gMz3MJGrA.w8fsNKiwVn.qUI3o58tey', 2, '2025-06-11 10:58:44'),
(237, 'Julieta', 'Ramos', 'jramos28@colegio.edu.bo', '$2y$10$XcqtZ1JW6.7dlUnPbL71xe/KPRyH3HwRZ2pov0VsM53poWqSpiasC', 2, '2025-06-11 10:58:44'),
(238, 'Ignacio', 'Gutiérrez', 'igutiérrez29@colegio.edu.bo', '$2y$10$VWfYZnmRqQ.OVs6Lga/S2euyKOmqG5xNbkPzFNdnnw20OMm5tD4.e', 2, '2025-06-11 10:58:45'),
(239, 'Diana', 'Quispe', 'dquispe30@colegio.edu.bo', '$2y$10$ls/YmdyYMzEBsl3P/lunI.iHn5QKioCPPHeOLlTFcnijjIisuYI5u', 2, '2025-06-11 10:58:45'),
(240, 'Carlos', 'Vargas', 'cvargas31@colegio.edu.bo', '$2y$10$dFIx3htuVsYVlIhawWASQOUaBhK7kTql5x5s1NhhuQVmDjgHutLGm', 2, '2025-06-11 10:58:45'),
(241, 'Valeria', 'Castillo', 'vcastillo32@colegio.edu.bo', '$2y$10$CdXKNWX6iR9xOJDBgjRD0OJEwu63dwfL7WQ8rczyrgRip.oXb.UZ6', 2, '2025-06-11 10:58:45'),
(242, 'Teresa', 'Ortiz', 'tortiz33@colegio.edu.bo', '$2y$10$ThjhPmv4Xpn65sxC0AjfNu2jhvIk8SiaZ0yHRBYwnEa8wf9p4KFEC', 2, '2025-06-11 10:58:45'),
(243, 'Santiago', 'Mendoza', 'smendoza34@colegio.edu.bo', '$2y$10$.n/tzjWj1uCiTG4MIvBsSezHlgN2chT4TNRUje/6GfI6U90foEGTm', 2, '2025-06-11 10:58:45'),
(244, 'Santiago', 'Chávez', 'schávez35@colegio.edu.bo', '$2y$10$8KLP4vnh4j1lgkVmY4vfQetolFOJm0pD.4XQntpYqrS37GDK/Iqoy', 2, '2025-06-11 10:58:45'),
(245, 'Fernanda', 'Morales', 'fmorales36@colegio.edu.bo', '$2y$10$FiqXUAGiNydrBy8RcrJdB.wgs3L44mPOlULLRdkcQvmerV/ZaDZ86', 2, '2025-06-11 10:58:45'),
(246, 'Beatriz', 'Mamani', 'bmamani37@colegio.edu.bo', '$2y$10$kDmMb..eWHWftwR7IJH6WO67Vsn.2jcYm0JG3JhF7LgF1ll..hTYy', 2, '2025-06-11 10:58:45'),
(247, 'Eduardo', 'Quispe', 'equispe38@colegio.edu.bo', '$2y$10$tRAKp.L7fS.NrDVTLH4p/uD/3/NSNqy1qru81hOjwfn32359Z56.S', 2, '2025-06-11 10:58:45'),
(248, 'Leonardo', 'Gutiérrez', 'lgutiérrez39@colegio.edu.bo', '$2y$10$s1mrAcLeuy1KtlEXBR8lT.TQUQPLCPOgu.F5PvzVZffIMh71kdNmO', 2, '2025-06-11 10:58:46'),
(249, 'Gabriel', 'Flores', 'gflores40@colegio.edu.bo', '$2y$10$6liSXi4EMBK2ZQXHfPjtLewXVihhCLo0g0NgCcySNDw5.drF4vLTq', 2, '2025-06-11 10:58:46'),
(250, 'Eduardo', 'Quispe', 'equispe41@colegio.edu.bo', '$2y$10$JOOghjBVojgKZVkCaGuttO.89mOxOLFmwuDoTHjZpNhD/Oq4ZmKX6', 2, '2025-06-11 10:58:46'),
(251, 'Teresa', 'Flores', 'tflores42@colegio.edu.bo', '$2y$10$/CZukOSMje6ABou9F7mSD.sWjhUI1Nfrx2txhvE24i.mbVz9KA7RG', 2, '2025-06-11 10:58:46'),
(252, 'Hilda', 'Gutiérrez', 'hgutiérrez43@colegio.edu.bo', '$2y$10$65kifIKmT7CtTlMJH85oQe38fnK9yPDhaM79QK34MdsQzC0y8iw16', 2, '2025-06-11 10:58:46'),
(253, 'Alejandro', 'Torres', 'atorres44@colegio.edu.bo', '$2y$10$XYPiVW8sUQOHNKZOImgXveL9e5C8DDRGitRWldctwlPaLqdSCuTia', 2, '2025-06-11 10:58:46'),
(254, 'Alejandro', 'Vargas', 'avargas45@colegio.edu.bo', '$2y$10$LrionVJ/dISG.g9my94Phe4TJJ8cplrK4wCxhTRZ8GzSdqMgwhns6', 2, '2025-06-11 10:58:46'),
(255, 'Olivia', 'Chávez', 'ochávez46@colegio.edu.bo', '$2y$10$sI.ah/ZU9Hh04BbtMObFDuyHsJxNqa6IiHVs.15jNWK7J7KRJDASO', 2, '2025-06-11 10:58:46'),
(256, 'Gabriel', 'Chávez', 'gchávez47@colegio.edu.bo', '$2y$10$oDDFm4MvbIEczyGsR1m7/uyRPEkRoCKe6.jMZ15sT.Lp0yQFAMTVu', 2, '2025-06-11 10:58:46'),
(257, 'Julieta', 'Morales', 'jmorales48@colegio.edu.bo', '$2y$10$LcWUv96evVsMOp8FjLqwYeAQBL8GLI7HJuRRWOF0ZPxRlp3NUw7kO', 2, '2025-06-11 10:58:47'),
(258, 'Nicolás', 'Torres', 'ntorres49@colegio.edu.bo', '$2y$10$vZ3KIYfNDe/yyM1G/6vQ1uulutNpC/moAXbuuunpLdFMP3Q/RqElq', 2, '2025-06-11 10:58:47'),
(259, 'Carlos', 'Rojas', 'crojas50@colegio.edu.bo', '$2y$10$RR5vFqzuHQhQzAah20Wkx.xJxXVqYXaeFjZVo3THgfkvLL8v1.bhu', 2, '2025-06-11 10:58:47');

--
-- Índices para tablas volcadas
--

--
-- Indices de la tabla `asistencia`
--
ALTER TABLE `asistencia`
  ADD PRIMARY KEY (`id`),
  ADD UNIQUE KEY `matricula_id` (`matricula_id`,`fecha`);

--
-- Indices de la tabla `calificaciones`
--
ALTER TABLE `calificaciones`
  ADD PRIMARY KEY (`id`),
  ADD KEY `matricula_id` (`matricula_id`),
  ADD KEY `fk_calificaciones_evaluaciones` (`evaluacion_id`);

--
-- Indices de la tabla `configuracion`
--
ALTER TABLE `configuracion`
  ADD PRIMARY KEY (`id`),
  ADD UNIQUE KEY `llave` (`llave`);

--
-- Indices de la tabla `cursos`
--
ALTER TABLE `cursos`
  ADD PRIMARY KEY (`id`),
  ADD UNIQUE KEY `codigo` (`codigo`),
  ADD KEY `fk_cursos_profesor` (`profesor_id`),
  ADD KEY `fk_cursos_materia` (`materia_id`),
  ADD KEY `fk_cursos_grados` (`grado_id`);

--
-- Indices de la tabla `estudiantes`
--
ALTER TABLE `estudiantes`
  ADD PRIMARY KEY (`id`),
  ADD UNIQUE KEY `usuario_id` (`usuario_id`),
  ADD UNIQUE KEY `codigo_estudiante` (`codigo_estudiante`),
  ADD KEY `fk_estudiantes_grados` (`grado_id`);

--
-- Indices de la tabla `evaluaciones`
--
ALTER TABLE `evaluaciones`
  ADD PRIMARY KEY (`id`),
  ADD KEY `curso_id` (`curso_id`);

--
-- Indices de la tabla `grados`
--
ALTER TABLE `grados`
  ADD PRIMARY KEY (`id`),
  ADD UNIQUE KEY `nombre` (`nombre`);

--
-- Indices de la tabla `horarios`
--
ALTER TABLE `horarios`
  ADD PRIMARY KEY (`id`),
  ADD KEY `curso_id` (`curso_id`);

--
-- Indices de la tabla `materiales`
--
ALTER TABLE `materiales`
  ADD PRIMARY KEY (`id`),
  ADD KEY `curso_id` (`curso_id`),
  ADD KEY `profesor_id` (`profesor_id`);

--
-- Indices de la tabla `materias`
--
ALTER TABLE `materias`
  ADD PRIMARY KEY (`id`),
  ADD UNIQUE KEY `nombre` (`nombre`);

--
-- Indices de la tabla `matriculas`
--
ALTER TABLE `matriculas`
  ADD PRIMARY KEY (`id`),
  ADD UNIQUE KEY `estudiante_id` (`estudiante_id`,`curso_id`),
  ADD KEY `curso_id` (`curso_id`);

--
-- Indices de la tabla `profesores`
--
ALTER TABLE `profesores`
  ADD PRIMARY KEY (`id`),
  ADD UNIQUE KEY `usuario_id` (`usuario_id`);

--
-- Indices de la tabla `profesor_materias`
--
ALTER TABLE `profesor_materias`
  ADD PRIMARY KEY (`id`),
  ADD UNIQUE KEY `profesor_id` (`profesor_id`,`materia_id`),
  ADD KEY `materia_id` (`materia_id`);

--
-- Indices de la tabla `roles`
--
ALTER TABLE `roles`
  ADD PRIMARY KEY (`id`),
  ADD UNIQUE KEY `nombre` (`nombre`);

--
-- Indices de la tabla `tareas`
--
ALTER TABLE `tareas`
  ADD PRIMARY KEY (`id`),
  ADD KEY `curso_id` (`curso_id`);

--
-- Indices de la tabla `tarea_adjuntos`
--
ALTER TABLE `tarea_adjuntos`
  ADD PRIMARY KEY (`id`),
  ADD KEY `fk_adjuntos_tarea` (`tarea_id`);

--
-- Indices de la tabla `tarea_entregas`
--
ALTER TABLE `tarea_entregas`
  ADD PRIMARY KEY (`id`),
  ADD KEY `fk_entregas_tarea` (`tarea_id`),
  ADD KEY `fk_entregas_matricula` (`matricula_id`);

--
-- Indices de la tabla `usuarios`
--
ALTER TABLE `usuarios`
  ADD PRIMARY KEY (`id`),
  ADD UNIQUE KEY `email` (`email`),
  ADD KEY `role_id` (`role_id`);

--
-- AUTO_INCREMENT de las tablas volcadas
--

--
-- AUTO_INCREMENT de la tabla `asistencia`
--
ALTER TABLE `asistencia`
  MODIFY `id` int(11) NOT NULL AUTO_INCREMENT;

--
-- AUTO_INCREMENT de la tabla `calificaciones`
--
ALTER TABLE `calificaciones`
  MODIFY `id` int(11) NOT NULL AUTO_INCREMENT, AUTO_INCREMENT=1024;

--
-- AUTO_INCREMENT de la tabla `configuracion`
--
ALTER TABLE `configuracion`
  MODIFY `id` int(11) NOT NULL AUTO_INCREMENT, AUTO_INCREMENT=16;

--
-- AUTO_INCREMENT de la tabla `cursos`
--
ALTER TABLE `cursos`
  MODIFY `id` int(11) NOT NULL AUTO_INCREMENT, AUTO_INCREMENT=26;

--
-- AUTO_INCREMENT de la tabla `estudiantes`
--
ALTER TABLE `estudiantes`
  MODIFY `id` int(11) NOT NULL AUTO_INCREMENT, AUTO_INCREMENT=201;

--
-- AUTO_INCREMENT de la tabla `evaluaciones`
--
ALTER TABLE `evaluaciones`
  MODIFY `id` int(11) NOT NULL AUTO_INCREMENT, AUTO_INCREMENT=94;

--
-- AUTO_INCREMENT de la tabla `grados`
--
ALTER TABLE `grados`
  MODIFY `id` int(11) NOT NULL AUTO_INCREMENT, AUTO_INCREMENT=13;

--
-- AUTO_INCREMENT de la tabla `horarios`
--
ALTER TABLE `horarios`
  MODIFY `id` int(11) NOT NULL AUTO_INCREMENT;

--
-- AUTO_INCREMENT de la tabla `materiales`
--
ALTER TABLE `materiales`
  MODIFY `id` int(11) NOT NULL AUTO_INCREMENT;

--
-- AUTO_INCREMENT de la tabla `materias`
--
ALTER TABLE `materias`
  MODIFY `id` int(11) NOT NULL AUTO_INCREMENT, AUTO_INCREMENT=17;

--
-- AUTO_INCREMENT de la tabla `matriculas`
--
ALTER TABLE `matriculas`
  MODIFY `id` int(11) NOT NULL AUTO_INCREMENT, AUTO_INCREMENT=512;

--
-- AUTO_INCREMENT de la tabla `profesores`
--
ALTER TABLE `profesores`
  MODIFY `id` int(11) NOT NULL AUTO_INCREMENT, AUTO_INCREMENT=52;

--
-- AUTO_INCREMENT de la tabla `profesor_materias`
--
ALTER TABLE `profesor_materias`
  MODIFY `id` int(11) NOT NULL AUTO_INCREMENT, AUTO_INCREMENT=112;

--
-- AUTO_INCREMENT de la tabla `roles`
--
ALTER TABLE `roles`
  MODIFY `id` int(11) NOT NULL AUTO_INCREMENT, AUTO_INCREMENT=4;

--
-- AUTO_INCREMENT de la tabla `tareas`
--
ALTER TABLE `tareas`
  MODIFY `id` int(11) NOT NULL AUTO_INCREMENT;

--
-- AUTO_INCREMENT de la tabla `tarea_adjuntos`
--
ALTER TABLE `tarea_adjuntos`
  MODIFY `id` int(11) NOT NULL AUTO_INCREMENT;

--
-- AUTO_INCREMENT de la tabla `tarea_entregas`
--
ALTER TABLE `tarea_entregas`
  MODIFY `id` int(11) NOT NULL AUTO_INCREMENT;

--
-- AUTO_INCREMENT de la tabla `usuarios`
--
ALTER TABLE `usuarios`
  MODIFY `id` int(11) NOT NULL AUTO_INCREMENT, AUTO_INCREMENT=260;

--
-- Restricciones para tablas volcadas
--

--
-- Filtros para la tabla `asistencia`
--
ALTER TABLE `asistencia`
  ADD CONSTRAINT `asistencia_ibfk_1` FOREIGN KEY (`matricula_id`) REFERENCES `matriculas` (`id`) ON DELETE CASCADE ON UPDATE CASCADE;

--
-- Filtros para la tabla `calificaciones`
--
ALTER TABLE `calificaciones`
  ADD CONSTRAINT `calificaciones_ibfk_1` FOREIGN KEY (`matricula_id`) REFERENCES `matriculas` (`id`) ON DELETE CASCADE ON UPDATE CASCADE,
  ADD CONSTRAINT `fk_calificaciones_evaluaciones` FOREIGN KEY (`evaluacion_id`) REFERENCES `evaluaciones` (`id`) ON DELETE CASCADE ON UPDATE CASCADE;

--
-- Filtros para la tabla `cursos`
--
ALTER TABLE `cursos`
  ADD CONSTRAINT `fk_cursos_grados` FOREIGN KEY (`grado_id`) REFERENCES `grados` (`id`) ON UPDATE CASCADE,
  ADD CONSTRAINT `fk_cursos_materia` FOREIGN KEY (`materia_id`) REFERENCES `materias` (`id`) ON DELETE CASCADE ON UPDATE CASCADE,
  ADD CONSTRAINT `fk_cursos_profesor` FOREIGN KEY (`profesor_id`) REFERENCES `profesores` (`id`) ON DELETE CASCADE ON UPDATE CASCADE;

--
-- Filtros para la tabla `estudiantes`
--
ALTER TABLE `estudiantes`
  ADD CONSTRAINT `estudiantes_ibfk_1` FOREIGN KEY (`usuario_id`) REFERENCES `usuarios` (`id`) ON DELETE CASCADE ON UPDATE CASCADE,
  ADD CONSTRAINT `fk_estudiantes_grados` FOREIGN KEY (`grado_id`) REFERENCES `grados` (`id`) ON UPDATE CASCADE;

--
-- Filtros para la tabla `evaluaciones`
--
ALTER TABLE `evaluaciones`
  ADD CONSTRAINT `evaluaciones_ibfk_1` FOREIGN KEY (`curso_id`) REFERENCES `cursos` (`id`) ON DELETE CASCADE ON UPDATE CASCADE;

--
-- Filtros para la tabla `horarios`
--
ALTER TABLE `horarios`
  ADD CONSTRAINT `horarios_ibfk_1` FOREIGN KEY (`curso_id`) REFERENCES `cursos` (`id`) ON DELETE CASCADE ON UPDATE CASCADE;

--
-- Filtros para la tabla `materiales`
--
ALTER TABLE `materiales`
  ADD CONSTRAINT `materiales_ibfk_1` FOREIGN KEY (`curso_id`) REFERENCES `cursos` (`id`) ON DELETE CASCADE ON UPDATE CASCADE,
  ADD CONSTRAINT `materiales_ibfk_2` FOREIGN KEY (`profesor_id`) REFERENCES `profesores` (`id`) ON DELETE CASCADE ON UPDATE CASCADE;

--
-- Filtros para la tabla `matriculas`
--
ALTER TABLE `matriculas`
  ADD CONSTRAINT `matriculas_ibfk_1` FOREIGN KEY (`estudiante_id`) REFERENCES `estudiantes` (`id`) ON DELETE CASCADE ON UPDATE CASCADE,
  ADD CONSTRAINT `matriculas_ibfk_2` FOREIGN KEY (`curso_id`) REFERENCES `cursos` (`id`) ON DELETE CASCADE ON UPDATE CASCADE;

--
-- Filtros para la tabla `profesores`
--
ALTER TABLE `profesores`
  ADD CONSTRAINT `profesores_ibfk_1` FOREIGN KEY (`usuario_id`) REFERENCES `usuarios` (`id`) ON DELETE CASCADE ON UPDATE CASCADE;

--
-- Filtros para la tabla `profesor_materias`
--
ALTER TABLE `profesor_materias`
  ADD CONSTRAINT `profesor_materias_ibfk_1` FOREIGN KEY (`profesor_id`) REFERENCES `profesores` (`id`) ON DELETE CASCADE ON UPDATE CASCADE,
  ADD CONSTRAINT `profesor_materias_ibfk_2` FOREIGN KEY (`materia_id`) REFERENCES `materias` (`id`) ON DELETE CASCADE ON UPDATE CASCADE;

--
-- Filtros para la tabla `tareas`
--
ALTER TABLE `tareas`
  ADD CONSTRAINT `tareas_ibfk_1` FOREIGN KEY (`curso_id`) REFERENCES `cursos` (`id`) ON DELETE CASCADE ON UPDATE CASCADE;

--
-- Filtros para la tabla `tarea_adjuntos`
--
ALTER TABLE `tarea_adjuntos`
  ADD CONSTRAINT `fk_adjuntos_tarea` FOREIGN KEY (`tarea_id`) REFERENCES `tareas` (`id`) ON DELETE CASCADE ON UPDATE CASCADE;

--
-- Filtros para la tabla `tarea_entregas`
--
ALTER TABLE `tarea_entregas`
  ADD CONSTRAINT `fk_entregas_matricula` FOREIGN KEY (`matricula_id`) REFERENCES `matriculas` (`id`) ON DELETE CASCADE ON UPDATE CASCADE,
  ADD CONSTRAINT `fk_entregas_tarea` FOREIGN KEY (`tarea_id`) REFERENCES `tareas` (`id`) ON DELETE CASCADE ON UPDATE CASCADE;

--
-- Filtros para la tabla `usuarios`
--
ALTER TABLE `usuarios`
  ADD CONSTRAINT `usuarios_ibfk_1` FOREIGN KEY (`role_id`) REFERENCES `roles` (`id`) ON UPDATE CASCADE;
COMMIT;

/*!40101 SET CHARACTER_SET_CLIENT=@OLD_CHARACTER_SET_CLIENT */;
/*!40101 SET CHARACTER_SET_RESULTS=@OLD_CHARACTER_SET_RESULTS */;
/*!40101 SET COLLATION_CONNECTION=@OLD_COLLATION_CONNECTION */;
